Rk,Player,Age,Team,Pos,G,GS,Int,Tgt,Cmp,Cmp%,Yds,Yds/Cmp,Yds/Tgt,TD,Rat,DADOT,Air,YAC,Bltz,Hrry,QBKD,Bats,Sk,Prss,Comb,MTkl,MTkl%,Awards,-9999
1,Shaquille Leonard,23,IND,LLB,15,15,2,96,76,79.2,686,9.0,7.1,2,94.7,3.6,243,443,28,1,1,0,7.0,9,163,12,6.9,AP-1AP DRoY-1,LeonDa00
2,Blake Martinez,24,GNB,LILB,16,16,0,61,45,73.8,410,9.1,6.7,5,118.9,3.6,138,272,61,5,1,0,5.0,11,144,12,7.7,,MartBl01
3,Leighton Vander Esch,21,DAL,RLB,16,11,2,90,72,80.0,602,8.4,6.7,3,96.4,4.0,233,369,15,1,1,0,0.0,2,140,10,6.7,PBAP-2,VandLe00
4,Bobby Wagner,28,SEA,MLB,15,15,1,69,46,66.7,475,10.3,6.9,0,80.3,6.1,182,293,41,1,4,0,1.0,6,138,1,0.7,PBAP-1,WagnBo00
5,Anthony Hitchens,26,KAN,LILB,15,15,0,69,59,85.5,573,9.7,8.3,4,120.6,3.3,194,379,36,4,1,0,0.0,5,135,8,5.6,,HitcAn00
6,Telvin Smith,27,JAX,LLB,16,16,2,77,59,76.6,524,8.9,6.8,4,100.8,5.0,160,364,33,3,1,0,1.0,5,134,23,14.6,,SmitTe01
7,Mason Foster,29,WAS,RILB,16,16,2,77,59,76.6,502,8.5,6.5,1,86.6,3.6,96,406,77,5,0,0,1.0,5,131,12,8.4,,FostMa00
8,Luke Kuechly,27,CAR,MLB,16,16,1,54,36,66.7,239,6.6,4.4,2,80.7,2.4,32,207,55,4,3,0,2.0,9,130,10,7.1,PBAP-1,KuecLu00
9,Tahir Whitehead,28,OAK,RLB,16,16,1,71,53,74.6,716,13.5,10.1,4,119.2,6.9,269,447,31,2,1,0,0.0,3,126,11,8.0,,WhitTa00
10,Kiko Alonso,28,MIA,LLB,15,15,3,69,45,65.2,518,11.5,7.5,5,93.7,6.0,241,277,50,1,3,0,0.0,4,125,12,8.8,,AlonKi00
11,Cory Littleton,25,LAR,LILB,16,16,3,64,47,73.4,536,11.4,8.4,3,94.3,7.1,255,281,58,4,0,0,4.0,8,125,10,7.4,PBAP-2,LittCo01
12,Fred Warner,22,SFO,MLB,16,16,0,75,45,60.0,475,10.6,6.3,3,91.8,5.1,171,304,51,2,2,0,0.0,4,124,13,9.5,,WarnFr00
13,Antoine Bethea,34,ARI,FS,16,16,0,56,37,66.1,347,9.4,6.2,2,94.9,8.2,206,141,30,4,3,0,3.0,10,121,19,13.6,,BethAn20
14,Tremaine Edmunds,20,BUF,MLB,15,15,2,93,73,78.5,634,8.7,6.8,2,93.3,3.9,222,412,37,4,5,0,2.0,11,121,24,16.6,,EdmuTr01
15,Jaylon Smith,23,DAL,MLB,16,16,0,58,46,79.3,413,9.0,7.1,2,107.8,5.3,196,217,68,7,2,0,4.0,13,121,12,9.0,,SmitJa05
16,Roquan Smith,21,CHI,RILB,16,14,1,82,60,73.2,587,9.8,7.2,2,95.9,4.3,233,354,36,4,0,0,5.0,9,121,13,9.7,,SmitRo07
17,Lavonte David,28,TAM,RLB,14,14,0,77,62,80.5,569,9.2,7.4,4,114.8,3.9,201,368,54,0,2,0,3.5,6,120,9,7.0,,DaviLa00
18,Avery Williamson,26,NYJ,RILB,16,16,1,67,48,71.6,513,10.7,7.7,3,102.4,5.3,242,271,71,5,0,0,3.0,8,120,5,4.0,,WillAv00
19,John Johnson,23,LAR,SS,16,16,4,56,38,67.9,391,10.3,7.0,4,81.8,8.6,243,148,15,0,2,0,0.0,2,119,8,6.3,,JohnJo10
20,Jamal Adams,23,NYJ,SS,16,16,1,60,33,55.0,405,12.3,6.8,1,74.7,9.8,235,170,69,2,4,0,3.5,10,115,12,9.4,PBAP-2,AdamJa00
21,Todd Davis,26,DEN,LILB,16,16,1,57,46,80.7,436,9.5,7.6,2,102.9,3.3,118,318,42,2,4,0,0.5,7,114,15,11.6,,DaviTo01
22,Wesley Woodyard,32,TEN,LILB,14,14,0,45,30,66.7,331,11.0,7.4,1,95.7,4.5,162,169,40,2,1,0,4.5,8,113,11,8.9,,WoodWe20
23,Jessie Bates III,21,CIN,FS,16,16,3,49,31,63.3,489,15.8,10.0,1,77.7,13.3,288,201,0,0,0,0,0.0,0,111,10,8.3,,BateJe00
24,Demario Davis,29,NOR,LLB,16,16,0,67,53,79.1,482,9.1,7.2,3,111.6,2.7,134,348,84,4,6,0,5.0,15,110,14,11.3,,DaviDe00
25,Shawn Williams,27,CIN,SS,16,16,5,60,41,68.3,556,13.6,9.3,7,101.8,10.4,391,165,19,2,1,0,1.0,4,110,10,8.3,,WillSh02
26,Eric Kendricks,26,MIN,MLB,14,14,2,66,46,69.7,524,11.4,7.9,2,90.7,4.5,170,354,39,6,0,0,1.0,7,108,8,6.9,,KendEr00
27,Zach Cunningham,24,HOU,RILB,14,14,1,67,51,76.1,466,9.1,7.0,3,103.2,6.2,220,246,26,2,1,0,0.0,3,107,16,13.0,,CunnZa00
28,Myles Jack,23,JAX,MLB,16,16,1,49,37,75.5,380,10.3,7.8,1,95.6,4.4,157,223,47,2,1,0,2.5,6,107,12,10.1,,JackMy00
29,Derwin James,22,LAC,FS,16,16,3,73,49,67.1,480,9.8,6.6,3,82.0,6.7,151,329,52,5,2,0,3.5,11,105,17,13.9,PBAP-1AP DRoY-2,JameDe00
30,Benardrick McKinney,26,HOU,LILB,16,16,1,43,28,65.1,248,8.9,5.8,2,86.2,4.0,66,182,55,1,3,0,1.5,6,105,13,11.0,PB,McKiBe00
31,Raekwon McMillan,22,MIA,MLB,16,16,0,39,32,82.1,374,11.7,9.6,6,146.2,5.0,185,189,20,2,0,0,0.0,2,105,9,7.9,,McMiRa02
32,C.J. Mosley,26,BAL,LILB,15,15,1,59,37,62.7,348,9.4,5.9,3,88.8,5.1,204,144,115,4,1,0,0.5,6,105,7,6.3,PBAP-2,MoslC.00
33,Anthony Walker,23,IND,MLB,15,14,1,51,37,72.5,338,9.1,6.6,4,108.1,3.5,132,206,18,0,0,0,1.0,1,105,15,12.5,,WalkAn01
34,Jamie Collins,29,CLE,RLB,16,16,1,75,56,74.7,523,9.3,7.0,2,96.7,4.1,218,305,95,3,3,0,4.0,10,104,18,14.8,,CollJa00
35,Joe Schobert,25,CLE,MLB,13,13,1,47,28,59.6,344,12.3,7.3,2,87.5,8.5,220,124,88,10,1,0,3.0,17,103,24,18.9,,SchoJo00
36,Budda Baker,22,ARI,SS,14,13,0,71,55,77.5,514,9.3,7.2,2,106.2,3.5,134,380,58,8,1,0,2.0,12,102,10,8.9,,BakeBu00
37,Danny Trevathan,28,CHI,LILB,16,16,2,64,42,65.6,389,9.3,6.1,5,95.1,5.3,128,261,54,4,3,0,2.0,9,102,10,8.9,,TrevDa00
38,Jarrad Davis,24,DET,MLB,16,16,0,52,36,69.2,287,8.0,5.5,2,95.6,1.9,78,209,57,7,4,0,6.0,17,100,18,15.3,,DaviJa01
39,Jordan Poyer,27,BUF,FS,16,16,4,39,26,66.7,396,15.2,10.2,4,94.6,12.4,277,119,26,0,1,0,2.0,3,100,15,13.0,,PoyeJo00
40,Nigel Bradham,29,PHI,RLB,15,15,0,69,50,72.5,463,9.3,6.7,2,100.1,3.3,114,349,42,2,2,0,2.0,6,97,10,9.3,,BradNi00
41,Jatavis Brown,24,LAC,LLB,15,10,0,69,54,78.3,471,8.7,6.8,1,99.9,4.1,217,254,18,2,0,0,1.0,3,97,16,14.2,,BrowJa05
42,Jayon Brown,23,TEN,RILB,16,9,1,56,35,62.5,274,7.8,4.9,0,67.1,3.9,100,174,71,2,3,0,6.0,12,97,10,9.3,,BrowJa06
43,Malcolm Jenkins,31,PHI,FS,16,16,1,69,48,69.6,431,9.0,6.2,2,89.7,8.3,202,229,40,2,0,0,1.0,3,97,12,11.0,PB,JenkMa99
44,Justin Simmons,25,DEN,FS,16,16,3,76,54,71.1,665,12.3,8.8,3,94.5,9.3,405,260,17,2,0,0,0.0,2,97,9,8.5,,SimmJu00
45,Zach Brown,29,WAS,LILB,16,12,0,49,36,73.5,265,7.4,5.4,0,85.8,2.6,85,180,30,3,1,0,1.0,5,96,7,6.8,,BrowZa00
46,Landon Collins,24,NYG,SS,12,12,0,59,40,67.8,530,13.3,9.0,3,113.0,8.6,338,192,22,3,2,0,0.0,5,96,9,8.6,PB,CollLa00
47,De'Vondre Campbell,25,ATL,MLB,16,13,0,63,44,69.8,437,9.9,6.9,3,105.1,4.5,163,274,57,2,0,0,1.5,4,94,4,4.1,,CampDe00
48,Adrian Phillips,26,LAC,DB,16,7,1,65,38,58.5,471,12.4,7.2,4,95.1,9.1,297,174,8,1,0,0,0.0,1,94,4,4.1,PBAP-1,PhilAd00
49,Alec Ogletree,27,NYG,RILB,13,13,5,63,48,76.2,395,8.2,6.3,3,74.5,4.4,183,212,73,4,3,0,1.0,8,93,16,14.7,,OgleAl00
50,Ha Ha Clinton-Dix,26,2TM,SS,16,16,3,39,26,66.7,333,12.8,8.5,1,69.7,10.3,209,124,16,0,1,0,1.0,2,93,9,8.8,,ClinHa00
50,Ha Ha Clinton-Dix,26,GNB,SS,7,7,3,14,10,71.4,136,13.6,9.7,1,86.3,11.9,83,53,11,0,1,0,1.0,2,27,5,15.6,,ClinHa00
50,Ha Ha Clinton-Dix,26,WAS,SS,9,9,0,25,16,64.0,197,12.3,7.9,0,88.2,9.4,126,71,5,0,0,0,0.0,0,66,4,5.7,,ClinHa00
51,Kyle Van Noy,27,NWE,MLB,16,16,1,41,32,78.0,267,8.3,6.5,0,83.6,3.7,90,177,109,9,5,0,3.5,18,92,16,14.8,,VanNKy00
52,Jordan Hicks,26,PHI,MLB,12,12,0,45,32,71.1,370,11.6,8.2,2,110.4,4.5,135,235,47,1,0,0,3.0,5,91,5,5.2,,HickJo00
53,Foyesade Oluokun,23,ATL,MLB,16,7,0,43,37,86.0,343,9.3,8.0,2,115.4,6.6,155,188,13,2,2,0,0.0,4,91,12,11.7,,OluoFo00
54,Kevin Byard,25,TEN,FS,16,16,4,40,20,50.0,214,10.7,5.4,1,34.8,10.2,151,63,21,2,1,0,2.0,5,90,7,7.2,,ByarKe01
55,Vonn Bell,24,NOR,SS,16,8,0,64,44,68.8,582,13.2,9.1,4,118.1,7.7,354,228,27,2,2,0,1.0,5,89,7,7.3,,BellVo00
56,Clayton Geathers,26,IND,SS,12,12,0,43,29,67.4,283,9.8,6.6,1,93.5,5.6,130,153,10,2,2,0,0.0,4,89,10,10.1,,GeatCl00
57,Tyrann Mathieu,26,HOU,SS,16,16,2,79,52,65.8,590,11.3,7.5,5,98.6,8.1,324,266,27,1,1,0,3.0,5,89,8,8.2,,MathTy00
58,Justin Reid,21,HOU,FS,16,12,3,43,28,65.1,474,16.9,11.0,3,96.5,13.7,348,126,8,1,1,0,0.0,2,88,7,7.4,,ReidJu00
59,Kareem Jackson,30,HOU,RCB,16,16,2,87,57,65.5,660,11.6,7.6,2,86.4,8.4,397,263,15,1,0,0,1.0,2,87,13,13.0,,JackKa99
60,T.J. McDonald,27,MIA,FS,14,14,3,46,29,63.0,400,13.8,8.7,4,92.7,11.1,237,163,11,2,0,0,0.0,2,86,12,12.2,,McDoTJ00
61,Reggie Ragland,25,KAN,RILB,16,15,1,23,17,73.9,228,13.4,9.9,1,101.4,4.6,70,158,12,2,0,0,0.5,3,86,14,14.0,,RaglRe00
62,Jeff Heath,27,DAL,SS,16,16,1,60,37,61.7,464,12.5,7.7,1,84.3,9.9,227,237,3,2,0,0,0.0,2,85,14,14.1,,HeatJe00
63,Damarious Randall,26,CLE,SS,15,15,4,60,36,60.0,556,15.4,9.3,3,79.6,15.5,387,169,8,1,0,0,0.0,1,85,10,10.5,,RandDa00
64,Patrick Chung,31,NWE,SS,15,14,1,80,51,63.8,515,10.1,6.4,4,93.5,7.8,276,239,42,3,1,0,0.5,5,84,6,6.7,,ChunPa99
65,Harrison Smith,29,MIN,FS,16,16,3,48,27,56.3,307,11.4,6.4,2,63.5,10.5,223,84,32,4,1,0,3.0,8,84,4,4.5,PBAP-2,SmitHa00
66,Nick Vigil,25,CIN,LLB,11,10,0,53,40,75.5,393,9.8,7.4,1,102.2,3.8,95,298,38,3,1,0,0.0,4,84,10,10.6,,VigiNi00
67,Kendall Fuller,23,KAN,LCB,15,15,2,113,76,67.3,802,10.6,7.1,2,86.2,8.8,457,345,16,1,0,0,0.0,1,82,10,10.9,,FullKe00
68,Damontae Kazee,25,ATL,SS,16,15,7,30,16,53.3,256,16.0,8.5,4,82.1,11.8,189,67,1,0,0,0,0.0,0,82,13,13.7,,KazeDa00
69,Devin McCourty,31,NWE,FS,16,16,1,52,32,61.5,375,11.7,7.2,6,113.9,8.8,258,117,9,2,0,0,0.0,2,82,5,5.7,,McCoDe99
70,Damon Harrison,30,2TM,RDT,17,16,0,0,0,,0,,,0,,,0,0,0,2,3,0,3.5,9,81,2,2.4,,HarrDa03
70,Damon Harrison,30,NYG,NT,7,7,0,0,0,,0,,,0,,,0,0,0,2,1,0,0.0,3,31,1,3.1,,HarrDa03
70,Damon Harrison,30,DET,RDT,10,9,0,0,0,,0,,,0,,,0,0,0,0,2,0,3.5,6,50,1,2.0,,HarrDa03
71,Sean Davis,25,PIT,FS,15,15,1,49,27,55.1,457,16.9,9.3,5,112.4,12.6,272,185,4,0,1,0,0.0,1,80,15,15.8,,DaviSe00
72,Minkah Fitzpatrick,22,MIA,SS,16,11,2,69,39,56.5,456,11.7,6.6,0,64.6,10.3,238,218,18,1,0,0,0.0,1,80,11,12.1,,FitzMi00
73,Haason Reddick,24,ARI,LLB,16,12,0,48,35,72.9,281,8.0,5.9,0,87.2,2.0,71,210,85,2,3,0,4.0,9,80,11,12.1,,ReddHa00
74,Shaq Thompson,24,CAR,LLB,14,11,0,48,35,72.9,255,7.3,5.3,1,91.9,3.1,115,140,47,7,2,0,3.5,13,80,10,11.1,,ThomSh01
75,Jerome Baker,22,MIA,RLB,16,11,1,54,40,74.1,494,12.4,9.1,1,100.4,5.1,137,357,34,0,1,0,3.0,4,79,11,12.2,,BakeJe00
76,Tre Boston,26,ARI,DB,14,13,3,45,25,55.6,357,14.3,7.9,5,90.7,11.8,240,117,12,1,1,0,0.0,2,79,9,10.2,,BostTr00
77,Thomas Davis,35,CAR,RLB,12,12,0,45,35,77.8,324,9.3,7.2,2,111.5,4.4,124,200,50,1,2,0,0.0,3,79,7,8.1,,DaviTh20
78,Pierre Desir,28,IND,RCB,16,12,1,83,45,54.2,624,13.9,7.5,3,85.6,9.9,367,257,2,0,0,0,0.0,0,79,3,3.7,,DesiPi00
79,Jabrill Peppers,23,CLE,FS,16,16,1,48,29,60.4,368,12.7,7.7,5,110.4,9.4,206,162,51,1,3,0,1.0,5,79,11,12.2,,PeppJa00
80,Quandre Diggs,25,DET,SS,16,16,3,63,40,63.5,537,13.4,8.5,3,86.5,9.7,348,189,8,0,1,0,0.0,1,78,13,14.3,,DiggQu00
81,Terrell Edmunds,21,PIT,SS,16,15,1,42,25,59.5,336,13.4,8.0,1,83.0,8.9,222,114,25,2,2,0,1.0,5,78,5,6.0,,EdmuTe00
82,Lamarcus Joyner,28,LAR,FS,15,15,1,35,19,54.3,279,14.7,8.0,2,87.7,12.5,211,68,7,1,0,0,1.0,2,78,6,7.1,,JoynLa00
83,Bradley McDougald,28,SEA,SS,16,16,3,60,46,76.7,535,11.6,8.9,5,110.1,5.9,225,310,13,1,0,0,0.0,1,78,7,8.2,,McDoBr01
84,Matt Milano,24,BUF,RLB,13,13,3,46,26,56.5,284,10.9,6.2,3,69.5,5.1,82,202,39,3,2,0,1.0,6,78,20,20.4,,MilaMa00
85,Kenny Moore,23,IND,LCB,15,15,3,87,62,71.3,527,8.5,6.1,2,80.0,6.4,246,281,40,2,0,0,1.5,4,77,11,12.5,,MoorKe03
86,Ron Parker,31,KAN,FS,15,14,2,48,34,70.8,520,15.3,10.8,3,109.7,14.2,370,150,7,3,0,0,1.0,4,77,7,8.3,,ParkRo01
87,Logan Ryan,27,TEN,LCB,14,14,0,64,43,67.2,515,12.0,8.0,2,102.0,9.2,283,232,36,5,1,0,4.0,10,76,3,3.8,,RyanLo00
88,Jordan Whitehead,21,TAM,SS,15,11,0,42,29,69.0,334,11.5,8.0,1,100.7,12.0,272,62,5,0,0,0,0.0,0,76,13,14.6,,WhitJo03
89,Vince Williams,29,PIT,RILB,14,14,1,39,25,64.1,234,9.4,6.0,2,86.9,5.2,85,149,70,3,4,0,4.5,12,76,11,12.6,,WillVi01
90,Mike Adams,37,CAR,FS,16,16,3,41,30,73.2,539,18.0,13.1,4,117.2,11.6,381,158,19,2,0,0,0.0,2,75,7,8.5,,AdamMi21
91,Jahleel Addae,28,LAC,SS,16,16,1,40,26,65.0,578,22.2,14.5,0,97.9,18.3,456,122,6,2,0,0,1.0,3,75,13,14.8,,AddaJa00
92,Josh Bynes,29,ARI,MLB,11,11,0,46,36,78.3,378,10.5,8.2,3,122.6,5.3,123,255,32,1,1,0,2.0,4,75,8,9.6,,ByneJo00
93,Curtis Riley,26,NYG,FS,16,16,4,44,26,59.1,465,17.9,10.6,3,80.2,16.6,297,168,14,1,1,0,0.0,2,75,18,19.4,,RileCu00
94,Eli Apple,23,2TM,LCB,15,15,2,118,57,48.3,869,15.2,7.4,3,74.4,12.7,619,250,0,0,0,0,0.0,0,75,15,16.7,,ApplEl00
94,Eli Apple,23,NYG,LCB,5,5,0,33,19,57.6,230,12.1,7.0,0,79.1,11.4,146,84,0,0,0,0,0.0,0,23,3,11.5,,ApplEl00
94,Eli Apple,23,NOR,LCB,10,10,2,85,38,44.7,639,16.8,7.5,3,72.6,13.1,473,166,0,0,0,0,0.0,0,52,12,18.8,,ApplEl00
95,Lorenzo Alexander,35,BUF,LLB,16,8,2,28,19,67.9,129,6.8,4.6,0,48.1,2.1,14,115,39,10,4,0,6.5,21,74,8,9.8,,AlexLo99
96,T.J. Carrie,28,CLE,RCB,16,8,1,93,52,55.9,637,12.3,6.8,1,76.3,10.4,355,282,9,2,0,0,1.0,3,74,9,10.8,,CarrTr00
97,Donte Jackson,23,CAR,RCB,16,16,4,78,46,59.0,789,17.2,10.1,6,97.6,12.7,540,249,3,0,0,0,1.0,1,74,15,16.9,,JackDo02
98,Tony Jefferson,26,BAL,SS,14,14,1,51,31,60.8,416,13.4,8.2,2,91.6,9.7,325,91,18,0,1,0,1.0,2,74,9,10.8,,JeffTo00
99,Darron Lee,24,NYJ,LILB,12,12,3,53,36,67.9,334,9.3,6.3,1,67.6,4.0,118,216,36,0,1,0,0.0,1,74,12,14.0,,LeexDa00
100,Brian Poole,26,ATL,RLB,16,9,3,77,44,57.1,564,12.8,7.3,5,85.6,7.4,294,270,29,0,2,0,3.0,5,74,15,16.9,,PoolBr01
101,Glover Quin,32,DET,FS,16,16,0,42,28,66.7,400,14.3,9.5,3,121.1,10.5,254,146,8,0,1,0,1.0,2,74,7,8.6,,QuinGl99
102,Adrian Amos,25,CHI,FS,16,16,2,54,33,61.1,299,9.1,5.5,2,73.0,9.1,219,80,4,2,0,0,1.0,3,73,8,9.9,,AmosAd00
103,Jonathan Bostic,27,PIT,LILB,16,14,0,40,30,75.0,331,11.0,8.3,2,115.7,5.8,136,195,54,5,1,0,2.5,9,73,2,2.7,,BostJo00
104,Adoree' Jackson,23,TEN,RCB,16,13,2,115,65,56.5,844,13.0,7.3,6,89.9,12.3,588,256,8,0,0,0,0.0,0,73,7,8.8,,JackAd00
105,Calais Campbell,32,JAX,RDE,16,16,0,0,0,,0,,,0,,,0,0,0,9,8,0,10.5,28,72,7,8.9,PB,CampCa99
106,Danielle Hunter,24,MIN,LDE,16,16,0,2,2,100.0,26,13.0,13.0,0,118.7,2.5,5,21,0,20,2,0,14.5,38,72,8,10.0,PBAP-2,HuntDa01
107,Reshad Jones,30,MIA,SS,14,13,3,41,23,56.1,316,13.7,7.7,2,66.7,11.8,224,92,11,1,1,0,0.0,2,72,6,7.7,,JoneRe99
108,Chidobe Awuzie,23,DAL,LCB/RCB,15,14,1,95,54,56.8,770,14.3,8.1,5,96.4,12.0,611,159,1,1,0,0,0.0,1,71,9,11.3,,AwuzCh00
109,Eric Reid,27,CAR,SS,13,13,1,35,20,57.1,358,17.9,10.2,2,99.5,12.1,257,101,16,2,0,0,1.0,3,71,10,12.3,,ReidEr00
110,James Bradberry,25,CAR,LCB,16,16,1,113,50,44.2,802,16.0,7.1,6,82.5,13.6,605,197,3,0,0,0,1.0,1,70,4,5.4,,BradJa00
111,Jackrabbit Jenkins,30,NYG,RCB,16,16,2,101,63,62.4,786,12.5,7.8,6,98.0,11.1,587,199,2,0,0,0,0.0,0,70,15,17.6,,JenkJa03
112,A.J. Klein,27,NOR,RLB,16,15,1,35,22,62.9,247,11.2,7.1,0,72.0,5.8,130,117,53,1,2,0,2.0,5,70,5,6.7,,KleiAJ00
113,Jason McCourty,31,NWE,LCB,16,12,1,99,52,52.5,790,15.2,8.0,5,91.7,11.8,516,274,5,0,0,0,0.0,0,70,4,5.4,,McCoJa99
114,Malcolm Butler,28,TEN,DB,16,11,3,99,63,63.6,840,13.3,8.5,7,101.4,12.1,622,218,4,1,0,0,1.0,2,69,7,9.2,,ButlMa01
115,Christian Jones,27,DET,RLB,16,16,0,30,23,76.7,239,10.4,8.0,3,132.5,4.1,86,153,30,1,3,0,1.0,5,69,4,5.5,,JoneCh05
116,Darqueze Dennard,27,CIN,DB,13,9,0,69,49,71.0,538,11.0,7.8,1,98.6,7.4,319,219,8,1,0,0,0.0,1,68,6,8.1,,DennDa00
117,Marquel Lee,23,OAK,MLB,16,10,0,25,18,72.0,120,6.7,4.8,0,82.1,2.6,11,109,14,2,3,0,0.0,5,68,6,8.1,,LeexMa01
118,Steven Nelson,25,KAN,RCB,16,16,4,115,59,51.3,766,13.0,6.7,5,72.6,13.2,574,192,1,0,0,0,0.0,0,68,13,16.0,,NelsSt01
119,T.J. Watt,24,PIT,LOLB,16,16,0,27,22,81.5,198,9.0,7.3,1,109.6,5.0,70,128,46,18,7,0,13.0,38,68,14,17.1,PB,WattT.00
120,Eric Weddle,33,BAL,FS,16,16,0,39,25,64.1,265,10.6,6.8,1,92.4,10.3,172,93,28,1,2,0,1.0,4,68,7,9.3,PB,WeddEr99
121,DeForest Buckner,24,SFO,RDT,16,16,0,1,1,100.0,6,6.0,6.0,0,91.7,1.0,1,5,0,15,6,0,12.0,34,67,6,8.2,PB,BuckDe00
122,Tre Flowers,23,SEA,RCB,15,15,0,90,57,63.3,805,14.1,8.9,4,106.9,11.9,517,288,1,0,0,0,0.0,0,67,10,13.0,,FlowTr01
123,Byron Jones,26,DAL,RCB/LCB,16,16,0,80,42,52.5,586,14.0,7.3,2,84.7,13.6,452,134,3,0,0,0,0.0,0,67,4,5.6,PBAP-2,JoneBy00
124,Jaire Alexander,21,GNB,LCB,13,11,1,91,59,64.8,818,13.9,9.0,3,100.0,11.0,577,241,11,1,0,0,0.5,2,66,8,10.8,,AlexJa00
125,Prince Amukamara,29,CHI,RCB,15,15,3,89,51,57.3,603,11.8,6.8,3,75.3,11.9,429,174,0,0,0,0,0.0,0,66,3,4.3,,AmukPr00
126,Desmond Trufant,28,ATL,RCB,16,16,0,98,58,59.2,612,10.6,6.2,3,87.6,11.1,429,183,4,3,0,0,1.0,4,66,4,5.7,,TrufDe00
127,Elijah Lee,22,SFO,RLB,16,5,0,38,33,86.8,301,9.1,7.9,0,99.7,5.3,147,154,17,0,1,0,1.0,2,65,4,5.8,,LeexEl00
128,Jalen Ramsey,24,JAX,LCB,16,16,3,113,61,54.0,856,14.0,7.6,3,76.4,13.0,586,270,0,0,0,0,0.0,0,65,5,7.1,PB,RamsJa00
129,Elandon Roberts,24,NWE,RLB,16,11,0,26,19,73.1,229,12.1,8.8,0,99.7,4.9,108,121,22,1,1,0,1.0,3,65,4,5.8,,RobeEl00
130,DeMarcus Lawrence,26,DAL,LDE,16,15,1,1,0,0.0,0,,0.0,0,0.0,0.0,0,0,0,20,10,0,10.5,42,64,10,13.5,PB,LawrDe00
131,Josh Norman,31,WAS,RCB,16,16,3,86,57,66.3,733,12.9,8.5,8,109.3,8.5,396,337,0,0,0,0,0.0,0,64,11,14.7,,NormJo01
132,Joe Haden,29,PIT,LCB,15,15,2,105,53,50.5,581,11.0,5.5,4,72.0,12.0,407,174,1,0,0,0,0.0,0,63,8,11.3,,HadeJo99
133,Jurrell Casey,29,TEN,RDE/NT,15,15,0,0,0,,0,,,0,,,0,0,2,15,5,0,7.0,28,62,5,7.5,PB,CaseJu00
134,Shaquill Griffin,23,SEA,LCB,16,16,2,86,57,66.3,781,13.7,9.1,5,104.8,12.0,539,242,2,0,0,0,0.0,0,62,10,13.9,,GrifSh00
135,Desmond King,24,LAC,DB,16,8,3,87,64,73.6,508,7.9,5.8,2,81.0,4.5,140,368,14,2,1,0,0.0,3,62,10,13.9,AP-1,KingDe01
136,Jonathan Allen,23,WAS,LDE,16,16,0,0,0,,0,,,0,,,0,0,0,8,5,0,8.0,22,61,4,6.2,,AlleJo01
137,Jordan Evans,23,CIN,RLB,14,5,1,25,17,68.0,189,11.1,7.6,3,113.2,5.3,97,92,8,0,0,0,1.5,2,61,3,4.7,,EvanJo01
138,B.J. Goodson,25,NYG,LILB,15,13,2,30,19,63.3,170,8.9,5.7,0,50.7,2.8,54,116,19,1,3,0,0.5,5,61,5,7.6,,GoodB.00
139,Bobby McCain,25,MIA,RCB,14,13,1,72,50,69.4,668,13.4,9.3,7,125.2,8.7,398,270,6,0,0,0,2.0,2,61,11,15.3,,McCaBo01
140,J.J. Watt,29,HOU,LDE,16,16,0,2,1,50.0,1,1.0,0.5,0,56.2,-3.5,-2,3,0,32,11,0,16.0,60,61,8,11.6,PBAP-1AP CPoY-2,WattJ.00
141,Mark Barron,29,LAR,RILB,12,12,0,37,22,59.5,214,9.7,5.8,1,84.7,6.2,65,149,8,0,0,0,1.0,1,60,7,10.4,,BarrMa00
142,Bradley Chubb,22,DEN,LOLB,16,16,0,13,7,53.8,120,17.1,9.2,1,111.1,4.3,37,83,66,15,8,0,12.0,36,60,13,17.8,AP DRoY-3,ChubBr00
143,Duke Riley,24,ATL,LLB,16,10,0,32,20,62.5,188,9.4,5.9,1,89.1,4.1,53,135,4,0,0,0,0.0,0,60,8,11.8,,RileDu00
144,Darian Stewart,30,DEN,SS,14,14,2,35,25,71.4,430,17.2,12.3,2,108.0,8.4,159,271,14,2,0,0,1.0,4,60,9,13.0,,StewDa00
145,Adarius Taylor,28,TAM,MLB,15,10,1,32,25,78.1,271,10.8,8.5,2,109.8,4.5,130,141,26,2,0,0,1.0,3,60,6,9.1,,GlanAd00
146,Alex Anzalone,24,NOR,MLB,16,7,1,32,25,78.1,238,9.5,7.4,0,84.6,5.0,112,126,47,4,3,0,2.0,9,59,5,7.8,,AnzaAl00
147,Aaron Donald,27,LAR,RDT,16,16,0,1,0,0.0,0,,0.0,0,39.6,-2.0,0,0,0,30,19,0,20.5,70,59,6,9.2,PBAP-1AP DPoY-1,DonaAa00
148,Justin Evans,23,TAM,FS,10,10,1,26,21,80.8,259,12.3,10.0,5,131.7,9.6,195,64,2,0,0,0,0.0,0,59,5,7.8,,EvanJu00
149,Lawrence Guy,28,NWE,LDT,16,15,0,1,0,0.0,0,,0.0,0,39.6,-5.0,0,0,0,3,9,0,1.0,13,59,2,3.3,,GuyxLa00
150,Marshon Lattimore,22,NOR,RCB,16,16,2,90,58,64.4,880,15.2,9.8,3,98.4,12.9,608,272,4,0,0,0,0.0,0,59,6,9.2,,LattMa01
151,Patrick Onwuasor,26,BAL,RILB,16,12,1,28,21,75.0,161,7.7,5.8,2,97.5,3.7,61,100,43,0,5,0,5.5,11,59,9,13.2,,OnwuPa00
152,Ndamukong Suh,31,LAR,LDT,16,16,0,2,2,100.0,12,6.0,6.0,0,91.7,1.5,3,9,0,5,8,0,4.5,18,59,3,4.8,,SuhxNd99
153,Michael Thomas,28,NYG,SS,16,6,2,31,15,48.4,159,10.6,5.1,0,36.9,7.1,104,55,15,0,0,0,1.0,1,59,5,7.8,PB,ThomMi02
154,Dalvin Tomlinson,24,NYG,RDE/NT,16,16,0,2,1,50.0,14,14.0,7.0,0,72.9,2.5,8,6,0,8,0,0,0.0,8,59,1,1.7,,TomlDa00
155,B.W. Webb,28,NYG,LCB,16,13,1,73,41,56.2,553,13.5,7.6,2,83.9,13.4,400,153,13,2,0,0,1.0,3,59,3,4.8,,WebbBW00
156,Marcus Williams,22,NOR,FS,16,16,2,31,17,54.8,343,20.2,11.1,4,106.6,16.9,277,66,5,0,0,0,1.0,1,59,4,6.3,,WillMa06
157,Rasul Douglas,23,PHI,LCB,16,7,3,76,53,69.7,678,12.8,8.9,4,98.5,11.0,439,239,0,0,0,0,0.0,0,58,3,4.9,,DougRa00
158,Marcus Gilchrist,30,OAK,SS,16,16,3,61,37,60.7,448,12.1,7.3,9,102.3,13.5,309,139,7,0,0,0,0.0,0,58,7,10.8,,GilcMa00
159,Micah Hyde,28,BUF,SS,15,15,2,46,25,54.3,256,10.2,5.6,8,92.0,12.8,189,67,14,0,0,0,0.0,0,58,8,12.1,,HydeMi00
160,Josey Jewell,24,DEN,RILB,16,9,0,31,20,64.5,180,9.0,5.8,3,112.3,3.7,45,135,13,1,0,0,0.0,1,58,4,6.5,,JeweJo00
161,Johnathan Joseph,34,HOU,LCB,14,14,2,91,55,60.4,669,12.2,7.4,4,88.6,10.0,453,216,1,0,0,0,0.0,0,58,16,21.6,,JoseJo20
162,Linval Joseph,30,MIN,RDT,15,15,0,1,1,100.0,-5,-5.0,-5.0,0,79.2,-5.0,-5,0,0,3,1,0,1.0,5,58,3,4.9,,JoseLi99
163,Fabian Moreau,24,WAS,LCB,16,10,1,62,38,61.3,570,15.0,9.2,3,100.9,9.8,350,220,10,2,0,0,0.0,2,58,5,7.9,,MoreFa00
164,Jason Pierre-Paul,29,TAM,RDE,16,16,0,2,2,100.0,10,5.0,5.0,0,87.5,4.0,8,2,0,12,5,0,12.5,30,58,10,14.7,,PierJa99
165,Buster Skrine,29,NYJ,DB,14,11,0,75,49,65.3,566,11.6,7.5,4,105.7,7.5,296,270,19,0,0,0,0.5,1,58,10,14.7,,SkriBu00
166,Kenny Vaccaro,27,TEN,SS,13,13,1,32,17,53.1,198,11.6,6.2,2,79.9,11.5,122,76,17,3,1,0,2.0,6,58,4,6.5,,VaccKe00
167,Morris Claiborne,28,NYJ,RCB,15,15,2,94,49,52.1,704,14.4,7.5,4,82.0,12.8,489,215,0,0,0,0,0.0,0,57,9,13.6,,ClaiMo00
168,Trey Flowers,25,NWE,LDE,15,15,0,5,3,60.0,13,4.3,2.6,0,64.6,-2.6,-7,20,1,17,10,0,7.5,36,57,2,3.4,,FlowTr00
169,Mike Hilton,24,PIT,DB,15,2,1,68,41,60.3,428,10.4,6.3,2,82.2,7.4,265,163,47,1,3,0,1.0,5,57,4,6.6,,HiltMi01
170,Hardy Nickerson,24,CIN,MLB,16,7,0,36,27,75.0,325,12.0,9.0,2,120.7,5.1,156,169,25,0,0,0,0.0,0,57,5,8.1,,NickHa02
171,Tedric Thompson,23,SEA,FS,14,10,1,22,14,63.6,269,19.2,12.2,3,126.7,14.6,204,65,1,0,0,0,0.0,0,57,11,16.2,,ThomTe00
172,Briean Boddy-Calhoun,25,CLE,DB,16,8,0,65,45,69.2,579,12.9,8.9,1,102.0,6.8,301,278,14,0,3,0,0.0,3,56,9,13.8,,BoddBr01
173,Corey Graham,33,PHI,SS,13,9,1,29,22,75.9,305,13.9,10.5,3,129.2,13.6,237,68,13,0,0,0,0.0,0,56,4,6.7,,GrahCo99
174,Jonathan Jones,25,NWE,DB,16,5,3,73,43,58.9,531,12.3,7.3,4,82.6,8.5,249,282,19,3,1,0,1.5,6,56,9,13.8,,JoneJo03
175,Rashaan Melvin,29,OAK,LCB,14,7,1,73,40,54.8,629,15.7,8.6,4,96.2,12.0,436,193,3,1,0,0,0.0,1,56,5,8.2,,MelvRa00
176,Daron Payne,21,WAS,NT,16,16,0,0,0,,0,,,0,,,0,0,0,6,2,0,5.0,13,56,3,5.1,,PaynDa00
177,Xavier Woods,23,DAL,FS,14,14,2,40,24,60.0,298,12.4,7.5,2,79.0,8.0,163,135,0,0,0,0,0.0,0,56,6,9.7,,WoodXa00
178,Anthony Barr,26,MIN,RLB,13,13,0,34,27,79.4,284,10.5,8.4,3,130.9,3.0,64,220,72,6,0,0,3.0,9,55,7,11.3,PB,BarrAn00
179,Kenny Clark,23,GNB,NT,13,13,0,1,1,100.0,9,9.0,9.0,0,104.2,5.0,5,4,1,7,2,0,6.0,15,55,5,8.3,,ClarKe01
180,Justin Coleman,25,SEA,DB,16,5,1,78,48,61.5,524,10.9,6.7,2,84.6,6.0,185,339,19,2,0,0,0.5,3,55,9,14.1,,ColeJu01
181,Dee Ford,27,KAN,LOLB,16,16,0,7,6,85.7,81,13.5,11.6,0,114.9,1.7,6,75,50,23,17,0,13.0,54,55,2,3.5,PB,FordDe00
182,Kyle Fuller,26,CHI,LCB,16,16,7,121,68,56.2,808,11.9,6.7,4,63.7,10.8,571,237,0,0,0,0,0.0,0,55,5,8.3,PBAP-1,FullKy00
183,Akiem Hicks,29,CHI,LDE,16,16,0,1,1,100.0,6,6.0,6.0,0,91.7,4.0,4,2,0,14,7,0,7.5,29,55,5,8.3,PB,HickAk00
184,Gerald Hodges,27,ARI,LB,16,6,0,22,18,81.8,160,8.9,7.3,0,97.0,4.3,59,101,16,1,1,0,0.0,2,55,5,8.3,,HodgGe00
185,Josh Jones,24,GNB,FS,13,5,0,27,20,74.1,220,11.0,8.1,1,110.1,7.9,146,74,27,1,0,0,1.0,2,55,7,11.3,,JoneJo06
186,Eric Murray,24,KAN,SS,15,9,1,37,21,56.8,286,13.6,7.7,3,97.4,13.5,208,78,10,1,1,0,0.0,2,55,4,6.8,,MurrEr00
187,A.J. Bouye,27,JAX,RCB,13,13,1,66,42,63.6,420,10.0,6.4,0,75.3,9.4,282,138,0,0,0,0,0.0,0,54,6,10.0,,BouyA.00
188,Michael Brockers,28,LAR,LDE,16,16,0,1,0,0.0,0,,0.0,0,39.6,-2.0,0,0,0,6,2,0,1.0,9,54,3,5.3,,BrocMi00
189,Tashaun Gipson,28,JAX,FS,16,16,1,46,24,52.2,341,14.2,7.4,4,96.4,11.0,195,146,15,2,1,0,0.0,3,54,8,12.9,,GipsTa00
190,Patrick Peterson,28,ARI,LCB,16,16,2,60,35,58.3,417,11.9,7.0,4,88.0,10.3,261,156,3,1,0,0,1.0,2,54,6,10.0,PB,PetePa00
191,Tre'Davious White,23,BUF,LCB,16,16,2,73,40,54.8,461,11.5,6.3,2,71.8,11.6,329,132,1,0,0,0,0.0,0,54,7,11.5,,WhitTr01
192,Tramon Williams,35,GNB,SS/LCB,16,16,0,62,34,54.8,427,12.6,6.9,7,114.1,10.3,275,152,15,0,0,0,0.0,0,54,7,11.5,,WillTr99
193,Bene Benwikere,27,2TM,RCB,15,8,1,60,38,63.3,383,10.1,6.4,2,85.6,8.7,207,176,8,0,0,0,0.5,1,54,8,12.9,,BenwBe00
193,Bene Benwikere,27,ARI,RCB,11,8,1,55,34,61.8,363,10.7,6.6,2,85.6,9.0,202,161,8,0,0,0,0.5,1,51,7,12.1,,BenwBe00
193,Bene Benwikere,27,OAK,DB,4,0,0,5,4,80.0,20,5.0,4.0,0,83.3,4.8,5,15,0,0,0,0,0.0,0,3,1,25.0,,BenwBe00
194,Rashaan Evans,23,TEN,RILB,15,7,0,20,14,70.0,137,9.8,6.9,0,89.0,4.8,79,58,25,2,1,0,0.0,3,53,6,10.2,,EvanRa01
195,Ben Gedeon,24,MIN,LLB,15,8,0,12,8,66.7,85,10.6,7.1,0,87.2,5.7,24,61,5,0,0,0,0.0,0,53,3,5.4,,GedeBe00
196,Deion Jones,24,ATL,LLB/MLB,6,6,2,31,23,74.2,209,9.1,6.7,1,75.9,4.7,127,82,5,0,0,0,1.0,1,53,7,11.7,,JoneDe01
197,Nevin Lawson,27,DET,RCB,15,14,0,73,43,58.9,520,12.1,7.1,5,103.7,10.3,350,170,6,0,0,0,1.0,1,53,3,5.4,,LawsNe00
198,Preston Smith,26,WAS,LOLB,16,16,1,12,9,75.0,36,4.0,3.0,0,42.4,2.0,12,24,32,12,9,0,4.0,26,53,9,14.5,,SmitPr00
199,D.J. Swearinger,27,WAS,FS,15,15,4,47,29,61.7,369,12.7,7.9,2,64.9,10.1,234,135,18,5,1,0,1.0,7,53,11,17.2,,SweaDJ00
200,Denzel Ward,21,CLE,LCB,13,12,3,90,46,51.1,507,11.0,5.6,5,72.8,9.9,352,155,0,0,0,0,0.0,0,53,10,15.9,PB,WardDe02
201,P.J. Williams,25,NOR,MLB,15,7,1,79,50,63.3,644,12.9,8.2,7,113.1,8.3,356,288,13,0,1,0,1.0,2,53,7,11.7,,WillP.00
202,Grady Jarrett,25,ATL,RDT,14,14,0,1,1,100.0,5,5.0,5.0,0,87.5,3.0,3,2,0,14,7,0,6.0,28,52,4,7.1,,JarrGr00
203,Larry Ogunjobi,24,CLE,LDT,16,16,0,2,2,100.0,18,9.0,9.0,0,104.2,4.5,9,9,0,9,7,0,5.5,23,52,3,5.5,,OgunLa00
204,Cameron Heyward,29,PIT,DT,16,16,0,1,0,0.0,0,,0.0,0,39.6,3.0,0,0,0,7,9,0,8.0,25,51,1,1.9,PB,HeywCa01
205,Eddie Jackson,25,CHI,SS,14,14,6,54,27,50.0,311,11.5,5.8,2,40.5,11.5,138,173,1,0,0,0,1.0,1,51,11,17.7,PBAP-1,JackEd01
206,Denzel Perryman,26,LAC,MLB,9,9,1,28,15,53.6,167,11.1,6.0,2,80.5,4.8,71,96,4,2,1,0,0.0,3,51,9,15.0,,PerrDe00
207,Kenny Young,24,BAL,LB,16,3,0,23,15,65.2,93,6.2,4.0,1,87.8,1.6,-1,94,36,4,6,0,2.5,13,51,8,13.6,,YounKe03
208,Robert Alford,30,ATL,LCB,15,15,0,79,53,67.1,902,17.0,11.4,8,139.3,14.0,631,271,1,0,0,0,0.0,0,50,8,13.8,,AlfoRo00
209,Kentrell Brice,24,GNB,FS,14,10,0,32,25,78.1,378,15.1,11.8,4,155.5,8.4,236,142,8,0,0,0,1.0,1,50,18,26.5,,BricKe00
210,Michael Davis,23,LAC,LCB,16,9,0,67,42,62.7,521,12.4,7.8,3,101.6,9.1,340,181,0,0,0,0,0.0,0,50,6,10.7,,DaviMi03
211,Corey Peters,30,ARI,LDT,15,15,0,0,0,,0,,,0,,,0,0,0,3,1,0,2.5,7,50,4,7.4,,PeteCo00
212,Jarran Reed,26,SEA,LDT,16,16,0,1,1,100.0,6,6.0,6.0,0,91.7,3.0,3,3,0,8,12,0,10.5,31,50,4,7.4,,ReedJa02
213,Bradley Roby,26,DEN,LCB,15,15,1,92,58,63.0,847,14.6,9.2,7,113.8,10.6,481,366,2,0,0,0,0.0,0,50,13,20.6,,RobyBr00
214,Jabaal Sheard,29,IND,LDE/RDE,16,16,0,4,3,75.0,15,5.0,3.8,0,80.2,-1.0,-1,16,0,11,4,0,5.5,23,50,6,10.7,,SheaJa00
215,Javon Hargrave,25,PIT,NT,16,14,0,0,0,,0,,,0,,,0,0,0,2,1,0,6.5,10,49,1,2.0,,HargJa00
216,Chris Harris Jr.,29,DEN,RCB,12,12,3,71,46,64.8,497,10.8,7.0,4,86.4,7.8,345,152,8,0,0,0,1.0,1,49,6,10.9,PB,HarrCh01
217,Erik Harris,28,OAK,DB,16,4,2,26,12,46.2,151,12.6,5.8,2,58.3,16.5,119,32,12,0,1,0,0.0,1,49,4,7.5,,HarrEr00
218,Josh Jackson,22,GNB,RCB/DB,16,10,0,64,40,62.5,557,13.9,8.7,3,106.1,9.6,326,231,19,2,0,0,0.0,2,49,11,18.3,,JackJo01
219,Chandler Jones,28,ARI,RDE,16,16,0,4,4,100.0,12,3.0,3.0,0,79.2,1.3,5,7,6,19,6,0,13.0,39,49,8,14.0,,JoneCh03
220,Cameron Jordan,29,NOR,LDE,16,16,0,3,2,66.7,20,10.0,6.7,0,85.4,5.0,11,9,2,24,7,0,12.0,43,49,6,10.9,PBAP-2,JordCa00
221,Sheldon Richardson,28,MIN,LDT,16,16,0,0,0,,0,,,0,,,0,0,0,12,7,0,4.5,25,49,4,7.5,,RichSh00
222,A'Shawn Robinson,23,DET,LDT,13,7,0,0,0,,0,,,0,,,0,0,0,8,1,0,1.0,10,49,2,3.9,,RobiAS00
223,Arik Armstead,25,SFO,RDE,16,16,0,1,1,100.0,16,16.0,16.0,0,118.7,-5.0,-5,21,0,14,5,0,3.0,22,48,7,12.7,,ArmsAr01
224,L.J. Fort,28,PIT,LB,15,2,0,25,19,76.0,203,10.7,8.1,1,112.6,6.1,111,92,31,2,1,0,1.0,4,48,3,5.9,,FortL.00
225,Davon Godchaux,24,MIA,LDT,16,16,0,0,0,,0,,,0,,,0,0,1,4,3,0,1.0,8,48,5,9.4,,GodcDa00
226,Brent Grimes,35,TAM,RCB,13,13,0,57,39,68.4,541,13.9,9.5,3,116.2,11.7,380,161,0,0,0,0,0.0,0,48,4,7.7,,GrimBr20
227,Dont'a Hightower,28,NWE,LLB,15,15,1,35,25,71.4,236,9.4,6.7,1,87.3,4.3,90,146,105,8,3,0,1.0,12,48,4,7.7,,HighDo01
228,B.J. Hill,23,NYG,LDE,16,12,0,0,0,,0,,,0,,,0,0,0,7,1,0,5.5,14,48,2,4.0,,HillB.00
229,Isaiah Johnson,26,TAM,DB,15,4,1,26,20,76.9,316,15.8,12.2,5,140.4,14.0,220,96,5,0,0,0,0.0,0,48,3,5.9,,JohnIs00
230,Karl Joseph,25,OAK,FS,13,8,1,14,8,57.1,120,15.0,8.6,2,95.2,14.9,89,31,19,1,0,0,2.0,3,48,4,7.7,,JoseKa00
231,Kareem Martin,26,NYG,LOLB,16,7,0,7,6,85.7,51,8.5,7.3,0,97.0,2.4,19,32,27,6,8,0,1.5,16,48,8,14.3,,MartKa00
232,Von Miller,29,DEN,ROLB,16,16,1,5,4,80.0,43,10.8,8.6,1,102.5,2.2,16,27,88,12,7,0,14.5,35,48,6,11.1,PBAP-2,MillVo00
233,Barkevious Mingo,28,SEA,LLB,16,14,0,24,20,83.3,164,8.2,6.8,0,95.1,1.8,35,129,35,2,1,0,1.0,4,48,8,14.3,,MingBa00
234,Antonio Morrison,24,GNB,RILB,16,8,0,12,10,83.3,91,9.1,7.6,0,98.3,3.8,41,50,14,0,1,0,1.0,2,48,7,12.7,,MorrAn01
235,Darryl Roberts,28,NYJ,LCB/FS,16,10,1,57,34,59.6,449,13.2,7.9,4,100.7,12.7,307,142,1,0,1,0,0.0,1,48,11,18.6,,RobeDa00
236,Jadeveon Clowney,25,HOU,ROLB,15,14,0,1,0,0.0,0,,0.0,0,39.6,2.0,0,0,20,27,11,0,9.0,48,47,8,14.5,PB,ClowJa00
237,Carlos Dunlap,29,CIN,LDE,16,16,0,2,2,100.0,5,2.5,2.5,0,79.2,-3.5,-7,12,1,18,12,0,8.0,38,47,3,6.0,,DunlCa99
238,Leonard Floyd,26,CHI,ROLB,16,16,1,14,12,85.7,88,7.3,6.3,1,86.9,4.1,49,39,18,13,6,0,4.0,23,47,7,13.0,,FloyLe00
239,Khalil Mack,27,CHI,LOLB,14,13,1,8,6,75.0,96,16.0,12.0,1,114.6,5.0,27,69,19,26,8,0,12.5,47,47,6,11.3,PBAP-1AP DPoY-2,MackKh00
240,Captain Munnerlyn,30,CAR,DB,16,5,1,73,48,65.8,512,10.7,7.0,2,89.5,7.3,229,283,31,4,0,0,2.0,6,47,3,6.0,,MunnCa99
241,Xavier Rhodes,28,MIN,RCB,14,14,1,80,49,61.3,557,11.4,7.0,2,85.3,10.7,348,209,0,0,0,0,0.0,0,47,3,6.0,,RhodXa00
242,Xavier Williams,26,KAN,DT,16,4,0,0,0,,0,,,0,,,0,0,0,1,1,0,2.5,5,47,5,9.6,,WillXa00
243,Fletcher Cox,28,PHI,RDT,16,16,0,2,2,100.0,2,1.0,1.0,0,79.2,-5.0,-10,12,0,15,18,0,10.5,45,46,3,6.1,PBAP-1,CoxxFl00
244,Anthony Harris,27,MIN,SS,15,9,3,17,10,58.8,110,11.0,6.5,1,58.1,11.4,81,29,7,0,1,0,0.0,1,46,3,6.1,,HarrAn01
245,D.J. Hayden,28,JAX,DB,10,6,1,49,37,75.5,256,6.9,5.2,1,85.1,4.3,53,203,15,0,1,0,1.0,2,46,8,14.8,,HaydDJ00
246,Casey Hayward,29,LAC,RCB,16,16,0,66,35,53.0,501,14.3,7.6,3,93.1,12.2,390,111,0,0,0,0,0.0,0,46,2,4.2,,HaywCa00
247,Devon Kennard,27,DET,LLB,15,15,0,8,5,62.5,40,8.0,5.0,0,75.0,0.0,-5,45,61,13,5,0,7.0,25,46,3,6.1,,KennDe00
248,Kwon Alexander,24,TAM,MLB,6,6,0,26,24,92.3,170,7.1,6.5,2,119.6,2.0,53,117,28,0,1,0,1.0,2,45,5,10.0,,AlexKw00
249,Geno Atkins,30,CIN,RDT,16,16,0,0,0,,0,,,0,,,0,0,1,16,9,0,10.0,35,45,2,4.3,PB,AtkiGe99
250,Rafael Bush,31,BUF,DB,15,7,0,37,30,81.1,281,9.4,7.6,3,125.3,5.0,114,167,15,1,0,0,1.5,3,45,6,11.8,,BushRa00
251,Austin Calitro,24,SEA,RLB,16,5,0,22,18,81.8,170,9.4,7.7,2,129.2,5.1,72,98,5,0,0,0,0.5,1,45,4,8.2,,CaliAu00
252,Bryce Callahan,27,CHI,DB,13,10,2,53,38,71.7,350,9.2,6.6,1,79.9,5.7,126,224,18,3,3,0,2.0,8,45,6,11.8,,CallBr00
253,Brandon Carr,32,BAL,LCB,16,16,2,92,46,50.0,696,15.1,7.6,0,66.2,11.8,404,292,14,1,1,0,0.0,2,45,8,15.1,,CarrBr99
254,Stephon Gilmore,28,NWE,RCB,16,16,2,95,46,48.4,518,11.3,5.5,5,73.9,14.1,420,98,2,0,0,0,1.0,1,45,1,2.2,PBAP-1,GilmSt00
255,Kamu Grugier-Hill,24,PHI,LLB,16,10,1,19,15,78.9,107,7.1,5.6,0,68.2,5.3,40,67,8,0,1,0,1.0,2,45,3,6.3,,GrugKa00
256,Derrick Kindred,25,CLE,DB,16,2,1,23,18,78.3,247,13.7,10.7,1,107.8,6.8,159,88,22,0,1,0,0.0,1,45,7,13.5,,KindDe00
257,Coty Sensabaugh,30,PIT,RCB,15,10,0,61,35,57.4,397,11.3,6.5,4,98.9,11.2,279,118,1,0,0,0,0.0,0,45,2,4.3,,SensCo00
258,Jimmy Smith,30,BAL,RCB,12,10,2,61,33,54.1,417,12.6,6.8,2,72.9,12.3,304,113,2,0,0,0,0.0,0,45,6,11.8,,SmitJi03
259,Za'Darius Smith,26,BAL,ROLB,16,8,0,8,5,62.5,49,9.8,6.1,0,79.7,1.6,8,41,49,12,13,0,8.5,35,45,2,4.3,,SmitZa00
260,Stephon Tuitt,25,PIT,RDE,14,14,0,1,1,100.0,8,8.0,8.0,0,100.0,2.0,2,6,0,14,12,0,5.5,32,45,2,4.3,,TuitSt00
261,K'Waun Williams,27,SFO,DB,14,11,0,53,40,75.5,389,9.7,7.3,3,114.4,5.9,156,233,19,4,0,0,0.0,4,45,8,15.1,,WillKW00
262,Anthony Brown,25,DAL,DB,15,10,1,64,40,62.5,515,12.9,8.0,5,107.2,8.9,248,267,17,0,1,0,2.0,3,44,8,15.4,,BrowAn02
263,Myles Garrett,23,CLE,LDE,16,16,0,4,3,75.0,30,10.0,7.5,0,95.8,4.5,6,24,19,19,13,0,13.5,48,44,6,12.0,PBAP-2,GarrMy00
264,Rodney Gunter,26,ARI,RDT,16,10,0,0,0,,0,,,0,,,0,0,0,7,4,0,4.5,16,44,4,8.3,,GuntRo00
265,Malik Hooker,22,IND,FS,14,14,2,19,14,73.7,302,21.6,15.9,2,111.1,18.8,195,107,0,0,0,0,0.0,0,44,5,10.2,,HookMa00
266,Matt Judon,26,BAL,ROLB,16,8,0,14,6,42.9,52,8.7,3.7,0,53.3,0.4,-10,62,70,18,10,0,7.0,36,44,7,13.7,,JudoMa00
267,Harold Landry,22,TEN,LB,15,3,0,7,5,71.4,36,7.2,5.1,0,83.0,0.6,1,35,26,14,7,0,4.5,26,44,7,13.7,,LandHa00
268,Dean Lowry,24,GNB,LDE,16,8,0,0,0,,0,,,0,,,0,0,1,9,2,0,3.0,14,44,7,13.7,,LowrDe00
269,Sharrod Neasman,27,ATL,DB,12,0,0,33,22,66.7,238,10.8,7.2,4,127.3,7.8,144,94,4,0,0,0,0.0,0,44,7,13.7,,NeasSh00
270,Orlando Scandrick,31,KAN,LCB,15,7,1,92,52,56.5,535,10.3,5.8,5,87.0,11.2,373,162,0,0,0,0,0.0,0,44,5,10.2,,ScanOr99
271,Trae Waynes,26,MIN,LCB,14,14,1,58,37,63.8,441,11.9,7.6,1,85.5,12.9,352,89,1,0,0,0,0.0,0,44,1,2.2,,WaynTr00
272,Mackensie Alexander,25,MIN,DB,15,6,0,53,35,66.0,318,9.1,6.0,0,82.1,5.0,93,225,17,1,0,0,4.0,5,43,5,10.4,,AlexMa01
273,Lorenzo Carter,23,NYG,LB,15,2,0,6,4,66.7,8,2.0,1.3,0,70.1,4.3,6,2,32,10,5,0,4.0,19,43,0,0.0,,CartLo01
274,Ronald Darby,24,PHI,RCB,9,9,1,82,50,61.0,525,10.5,6.4,3,86.7,10.7,400,125,1,0,0,0,0.0,0,43,7,14.0,,DarbRo00
275,Melvin Ingram,29,LAC,RDE,16,16,1,1,1,100.0,5,5.0,5.0,0,47.9,-3.0,-3,8,20,16,7,0,7.0,31,43,5,10.4,PB,IngrMe00
276,Ryan Kerrigan,30,WAS,ROLB,16,16,0,5,2,40.0,21,10.5,4.2,0,52.9,5.0,1,20,32,12,4,0,13.0,30,43,2,4.4,PB,KerrRy00
277,Christian Kirksey,26,CLE,LLB,7,7,2,42,31,73.8,322,10.4,7.7,2,91.6,5.0,126,196,37,2,1,0,0.0,3,43,8,15.7,,KirkCh00
278,Clay Matthews,32,GNB,LOLB,16,16,0,6,4,66.7,88,22.0,14.7,0,109.7,2.3,17,71,63,10,7,0,3.5,21,43,7,14.0,,MattCl99
279,Nicholas Morrow,23,OAK,LLB,16,5,0,27,20,74.1,177,8.9,6.6,0,91.1,1.1,13,164,15,2,1,0,1.0,4,43,9,17.3,,MorrNi00
280,Marcus Peters,25,LAR,LCB,16,16,3,78,50,64.1,732,14.6,9.4,6,104.2,10.1,489,243,2,0,1,0,0.0,1,43,7,14.0,,PeteMa00
281,Darius Slay,27,DET,LCB,15,15,3,94,44,46.8,520,11.8,5.5,6,72.1,14.2,403,117,1,0,0,0,0.0,0,43,3,6.5,PB,SlayDa00
282,Derek Wolfe,28,DEN,LDE,16,16,1,0,0,,0,,,0,,,0,0,0,5,3,0,1.5,10,43,0,0.0,,WolfDe00
283,Preston Brown,26,CIN,MLB,7,7,2,24,17,70.8,156,9.2,6.5,0,53.5,2.8,45,111,11,2,0,0,0.0,2,42,1,2.3,,BrowPr00
284,Bud Dupree,25,PIT,ROLB,16,15,1,10,9,90.0,87,9.7,8.7,0,63.3,3.0,31,56,76,13,6,0,5.5,25,42,3,6.7,,DuprAl00
285,Kyler Fackrell,27,GNB,ROLB,16,7,0,10,4,40.0,30,7.5,3.0,0,47.9,7.5,7,23,41,6,1,0,10.5,18,42,7,14.3,,FackKy00
286,Taron Johnson,22,BUF,DB,11,2,1,41,25,61.0,154,6.2,3.8,2,74.6,5.5,52,102,10,2,0,0,1.0,3,42,7,14.3,,JohnTa01
287,Brandon Marshall,29,DEN,RILB,11,7,0,28,17,60.7,176,10.4,6.3,0,78.9,4.1,81,95,25,0,0,0,0.0,0,42,5,10.6,,MarsBr01
288,Jalen Mills,24,PHI,LCB,8,8,0,61,39,63.9,636,16.3,10.4,2,109.7,12.6,426,210,1,0,0,0,0.0,0,42,8,16.0,,MillJa02
289,Kawann Short,29,CAR,LDT,14,14,0,0,0,,0,,,0,,,0,0,0,9,3,0,3.0,16,42,5,10.6,PB,ShorKa00
290,Akeem Spence,27,MIA,RDT,16,16,0,2,1,50.0,11,11.0,5.5,0,66.7,-1.5,-3,14,0,7,5,0,2.0,14,42,4,8.7,,SpenAk00
291,Jaquiski Tartt,26,SFO,SS,8,8,1,29,20,69.0,205,10.3,7.1,2,97.6,6.6,98,107,12,0,0,0,0.0,0,42,5,10.6,,TartJa00
292,Leonard Williams,24,NYJ,LDE,16,16,0,0,0,,0,,,0,,,0,0,0,8,12,0,5.0,26,42,10,19.2,,WillLe02
293,Eric Wilson,24,MIN,LB,16,4,0,19,16,84.2,95,5.9,5.0,1,105.0,0.7,14,81,15,1,1,0,2.0,4,42,5,10.6,,WilsEr00
294,Frank Clark,25,SEA,RDE,16,16,1,5,5,100.0,34,6.8,6.8,0,55.4,0.8,4,30,2,22,12,0,13.0,48,41,11,21.2,,ClarFr01
295,William Jackson III,26,CIN,RCB,16,16,0,77,44,57.1,566,12.9,7.4,7,110.6,12.0,359,207,1,0,0,0,0.0,0,41,8,16.3,,JackWi02
296,Dre Kirkpatrick,29,CIN,LCB,13,13,0,72,36,50.0,504,14.0,7.0,2,82.2,14.2,361,143,1,0,0,0,0.0,0,41,8,16.3,,KirkDr00
297,Montae Nicholson,23,WAS,SS,14,7,0,15,8,53.3,82,10.3,5.5,1,91.5,6.9,15,67,8,0,0,0,0.0,0,41,7,14.6,,NichMo00
298,Will Parks,24,DEN,DB,16,3,1,28,18,64.3,191,10.6,6.8,0,69.2,9.2,109,82,25,0,2,0,0.0,2,41,7,14.6,,ParkWi01
299,D.J. Reed,22,SFO,DB,15,2,0,16,14,87.5,122,8.7,7.6,1,119.3,9.3,61,61,8,2,0,0,1.0,3,41,5,10.9,,ReedD.00
300,Genard Avery,23,CLE,LLB,16,5,0,21,14,66.7,168,12.0,8.0,1,106.8,5.3,58,110,77,12,8,0,4.5,25,40,3,7.0,,AverGe00
301,Carlton Davis,21,TAM,LCB,13,12,0,62,39,62.9,492,12.6,7.9,6,119.8,11.6,364,128,1,0,0,0,0.0,0,40,7,14.9,,DaviCa02
302,Samson Ebukam,23,LAR,LOLB,16,14,1,13,8,61.5,34,4.3,2.6,0,33.8,1.7,-11,45,79,19,4,0,3.0,26,40,11,21.6,,EbukSa00
303,Antone Exum,27,SFO,FS,15,7,1,19,11,57.9,181,16.5,9.5,1,85.6,15.2,134,47,9,1,0,0,1.0,2,40,7,14.9,,ExumAn00
304,Eddie Goldman,24,CHI,NT,16,16,0,0,0,,0,,,0,,,0,0,0,5,0,0,3.0,8,40,0,0.0,,GoldEd00
305,Trumaine Johnson,28,NYJ,LCB,10,10,4,72,43,59.7,535,12.4,7.4,2,68.9,10.1,332,203,1,0,0,0,0.0,0,40,5,11.1,,JohnTr05
306,Chris Jones,24,KAN,RDE,16,11,1,1,1,100.0,-1,-1.0,-1.0,0,39.6,-1.0,-1,0,0,19,13,0,15.5,49,40,5,11.1,AP-2,JoneCh09
307,Brandon Mebane,33,LAC,RDT,12,12,0,1,0,0.0,0,,0.0,0,39.6,-9.0,0,0,0,0,2,0,1.0,3,40,1,2.4,,MebaBr99
308,Emmanuel Ogbah,25,CLE,RDE,14,14,0,0,0,,0,,,0,,,0,0,3,17,4,0,3.0,26,40,4,9.1,,OgbaEm00
309,Sheldon Rankins,24,NOR,LDT,16,16,0,6,5,83.3,28,5.6,4.7,0,86.1,1.8,6,22,0,12,5,0,8.0,25,40,3,7.0,,RankSh00
310,Malcom Brown,24,NWE,RDT,15,14,0,0,0,,0,,,0,,,0,0,0,0,1,0,0.0,1,39,4,9.3,,BrowMa01
311,Trevon Coley,24,CLE,RDT,16,14,0,2,1,50.0,5,5.0,2.5,0,56.2,3.0,5,0,0,5,0,0,0.5,6,39,8,17.0,,ColeTr01
312,Quinton Dunbar,26,WAS,LCB,7,6,2,47,31,66.0,367,11.8,7.8,4,100.2,8.2,197,170,0,0,0,0,0.0,0,39,3,7.1,,DunbQu00
313,Brandon Graham,30,PHI,RDE,16,16,0,2,1,50.0,4,4.0,2.0,0,56.2,-3.0,-3,7,3,17,4,0,4.0,26,39,6,13.3,,GrahBr99
314,Shelby Harris,27,DEN,DE,16,0,1,2,1,50.0,-5,-5.0,-2.5,0,16.7,-4.0,-10,5,0,1,5,0,1.5,8,39,3,7.1,,HarrSh00
315,Neville Hewitt,25,NYJ,LB,16,4,0,22,13,59.1,156,12.0,7.1,1,96.0,5.4,70,86,10,0,0,0,1.5,2,39,4,9.3,,HewiNe00
316,Sam Hubbard,23,CIN,DE,16,0,0,5,4,80.0,52,13.0,10.4,1,149.6,-0.8,0,52,1,5,2,0,6.0,13,39,6,13.3,,HubbSa00
317,Whitney Mercilus,28,HOU,LOLB,16,9,0,22,18,81.8,162,9.0,7.4,0,97.3,3.5,55,107,89,13,7,0,4.0,26,39,8,17.0,,MercWh00
318,Romeo Okwara,23,DET,LDE,15,14,0,3,1,33.3,23,23.0,7.7,0,61.8,1.0,1,22,11,9,6,0,7.5,23,39,2,4.9,,OkwaRo01
319,Jordan Richards,25,ATL,FS,15,12,0,30,21,70.0,239,11.4,8.0,1,104.7,4.6,53,186,4,0,1,0,0.0,1,39,5,11.4,,RichJo00
320,Kerry Wynn,27,NYG,DE,14,5,0,1,1,100.0,2,2.0,2.0,0,79.2,-3.0,-3,5,0,8,0,0,1.5,10,39,4,9.3,,WynnKe00
321,Phillip Gaines,27,2TM,RCB,11,6,0,35,22,62.9,290,13.2,8.3,1,98.5,11.3,235,55,2,0,0,0,0.0,0,39,1,2.5,,GainPh00
321,Phillip Gaines,27,BUF,RCB,7,6,0,31,20,64.5,273,13.7,8.8,1,103.3,11.0,224,49,2,0,0,0,0.0,0,30,1,3.2,,GainPh00
321,Phillip Gaines,27,CLE,DB,4,0,0,4,2,50.0,17,8.5,4.3,0,61.5,14.0,11,6,0,0,0,0,0.0,0,9,0,0.0,,GainPh00
322,Andrew Adams,26,TAM,DB,13,4,4,39,23,59.0,264,11.5,6.8,0,39.9,9.4,179,85,3,0,1,0,0.0,1,38,8,17.4,,AdamAn00
323,Allen Bailey,29,KAN,LDE,16,13,0,1,1,100.0,-2,-2.0,-2.0,0,79.2,-4.0,-4,2,0,8,3,0,6.0,17,38,9,19.1,,BailAl00
324,Deone Bucannon,26,ARI,DB,13,6,0,17,12,70.6,114,9.5,6.7,1,108.5,3.0,39,75,20,2,1,0,1.0,4,38,7,15.6,,BucaDe00
325,Barry Church,30,JAX,SS,11,11,1,30,16,53.3,283,17.7,9.4,4,111.5,12.3,169,114,5,0,1,0,1.0,2,38,6,13.6,,ChurBa99
326,Reggie Gilbert,25,GNB,DE,16,0,0,5,4,80.0,32,8.0,6.4,0,93.3,3.6,16,16,31,10,5,0,2.5,18,38,6,13.6,,GilbRe01
327,Adam Gotsis,26,DEN,RDE,16,12,0,0,0,,0,,,0,,,0,0,0,2,4,0,3.0,9,38,2,5.0,,GotsAd00
328,Duron Harmon,27,NWE,DB,16,6,4,18,11,61.1,198,18.0,11.0,1,77.8,14.9,132,66,14,0,1,0,0.0,1,38,1,2.6,,HarmDu00
329,Cassius Marsh,26,SFO,DE,16,3,0,11,7,63.6,51,7.3,4.6,0,74.4,5.4,19,32,6,18,7,0,5.5,31,38,3,7.3,,MarsCa00
330,Benson Mayowa,27,ARI,DE,15,4,0,2,0,0.0,0,,0.0,0,39.6,4.0,0,0,0,7,5,0,4.0,16,38,5,11.6,,MayoBe00
331,Terrance Mitchell,26,CLE,RCB,8,7,1,54,30,55.6,343,11.4,6.4,2,79.5,8.6,175,168,2,0,0,0,0.0,0,38,0,0.0,,MitcTe00
332,Robert Quinn,28,MIA,RDE,16,16,0,0,0,,0,,,0,,,0,0,0,13,8,0,6.5,28,38,5,11.6,,QuinRo00
333,Ryan Smith,25,TAM,LCB,16,6,1,43,27,62.8,320,11.9,7.4,4,106.7,12.0,248,72,0,0,0,0,0.0,0,38,3,7.3,,SmitRy00
334,Greg Stroman,22,WAS,DB,15,3,1,44,28,63.6,439,15.7,10.0,3,109.9,11.3,241,198,2,1,0,0,0.0,1,38,3,7.3,,StroGr00
335,Denico Autry,28,IND,RDT,12,11,0,1,1,100.0,12,12.0,12.0,0,116.7,-2.0,-2,14,0,7,2,0,9.0,18,37,3,7.5,,AutrDe00
336,Gareon Conley,23,OAK,RCB,15,14,3,59,36,61.0,536,14.9,9.1,4,92.2,11.3,277,259,0,0,0,0,0.0,0,37,4,9.8,,ConlGa00
337,Justin Houston,29,KAN,ROLB,12,12,1,10,7,70.0,55,7.9,5.5,0,43.7,0.1,3,52,23,15,4,0,9.0,29,37,6,14.0,,HousJu00
338,Jerry Hughes,30,BUF,RDE,16,16,0,3,1,33.3,13,13.0,4.3,0,47.9,4.7,12,1,3,21,10,0,7.0,39,37,10,21.3,,HughJe99
339,Marlon Humphrey,22,BAL,RCB,14,8,2,89,42,47.2,471,11.2,5.3,4,69.1,11.0,310,161,0,0,0,0,0.0,0,37,8,17.8,,HumpMa00
340,George Odum,25,IND,DB,16,2,1,12,8,66.7,117,14.6,9.8,0,63.5,9.2,72,45,4,1,0,0,0.0,1,37,4,9.8,,OdumGe00
341,Nickell Robey-Coleman,26,LAR,DB,16,1,1,58,38,65.5,295,7.8,5.1,3,87.9,5.4,101,194,0,0,0,0,0.0,0,37,7,15.9,,RobeNi00
342,Frostee Rucker,35,OAK,LDE,15,15,0,2,1,50.0,5,5.0,2.5,0,56.2,8.5,-3,8,0,6,3,0,0.0,9,37,6,14.0,,RuckFr99
343,Richard Sherman,30,SFO,LCB,14,14,0,39,24,61.5,287,12.0,7.4,1,92.6,11.9,200,87,1,0,0,0,1.0,1,37,2,5.1,,SherRi00
344,Levi Wallace,23,BUF,RCB,7,7,0,26,13,50.0,123,9.5,4.7,1,76.3,8.5,100,23,2,0,1,0,0.0,1,37,4,9.8,,WallLe00
345,Damien Wilson,25,DAL,LLB,16,7,0,21,16,76.2,170,10.6,8.1,2,131.1,5.8,66,104,15,3,0,0,1.0,4,37,8,17.8,,WilsDa02
346,Ahkello Witherspoon,23,SFO,RCB,14,12,0,78,43,55.1,493,11.5,6.3,7,104.3,12.4,329,164,1,0,0,0,0.0,0,37,5,11.9,,WithAh00
347,Tavon Young,24,BAL,DB,15,6,1,53,33,62.3,435,13.2,8.2,5,111.8,8.8,239,196,40,2,0,0,2.0,4,37,9,19.6,,YounTa01
348,Ronald Blair,25,SFO,DE,16,0,0,1,1,100.0,4,4.0,4.0,0,83.3,-1.0,-1,5,0,8,6,0,5.5,20,36,3,7.7,,BlaiRo00
349,Marqui Christian,24,LAR,DB,16,0,0,36,23,63.9,307,13.3,8.5,0,90.9,9.9,181,126,10,0,1,0,0.0,1,36,4,10.0,,ChriMa00
350,Johnathan Hankins,26,OAK,RDT,15,14,0,1,1,100.0,7,7.0,7.0,0,95.8,-2.0,-2,9,0,2,2,0,0.0,4,36,8,18.2,,HankJo00
351,Holton Hill,21,MIN,DB,16,3,1,24,13,54.2,142,10.9,5.9,1,68.4,15.5,124,18,0,0,0,0,0.0,0,36,3,7.7,,HillHo00
352,Alex Okafor,27,NOR,RDE,16,16,0,2,0,0.0,8,,4.0,0,43.7,1.5,3,5,6,13,5,0,4.0,22,36,3,7.7,,OkafAl00
353,Cameron Wake,36,MIA,LDE,14,14,0,2,2,100.0,29,14.5,14.5,0,118.7,-0.5,-1,30,0,19,7,0,6.0,33,36,4,10.0,,WakeCa00
354,Tavon Wilson,28,DET,DB,15,3,0,21,13,61.9,126,9.7,6.0,1,94.5,7.9,82,44,3,0,0,0,1.0,1,36,4,10.0,,WilsTa00
355,Mario Addison,31,CAR,LDE,16,16,0,4,4,100.0,19,4.8,4.8,0,86.5,2.0,8,11,0,9,1,0,9.0,20,35,4,10.3,,AddiMa00
356,Henry Anderson,27,NYJ,DE,16,3,0,2,1,50.0,0,0.0,0.0,0,56.2,-1.5,0,0,0,10,2,0,7.0,20,35,3,7.9,,AndeHe00
357,Brandon Copeland,27,NYJ,LOLB,16,10,0,5,3,60.0,32,10.7,6.4,0,78.7,0.6,-1,33,39,14,8,0,5.0,27,35,4,10.3,,CopeBr00
358,Jack Crawford,30,ATL,LDT,16,11,1,0,0,,0,,,0,,,0,0,0,11,2,0,6.0,20,35,4,10.3,,CrawJa00
359,Clayton Fejedelem,25,CIN,DB,16,1,0,12,10,83.3,144,14.4,12.0,1,144.4,13.0,91,53,5,0,1,0,0.0,1,35,2,5.4,,FejeCl00
360,Xavien Howard,25,MIA,LCB,12,12,7,63,33,52.4,433,13.1,6.9,5,61.2,14.4,253,180,2,0,0,0,0.0,0,35,6,14.6,PBAP-2,HowaXa00
361,Jordan Jenkins,24,NYJ,ROLB,16,11,0,10,9,90.0,118,13.1,11.8,1,149.2,3.0,25,93,58,9,5,0,7.0,22,35,2,5.4,,JenkJo01
362,Avonte Maddox,22,PHI,RCB/SS,13,9,2,42,19,45.2,243,12.8,5.8,1,52.0,12.1,183,60,2,0,0,0,0.5,1,35,4,10.3,,MaddAv00
363,Derrick Nnadi,22,KAN,NT,16,11,0,0,0,,0,,,0,,,0,0,0,3,0,0,0.0,3,35,3,7.9,,NnadDe00
364,David Onyemata,26,NOR,DT,16,4,0,0,0,,0,,,0,,,0,0,0,10,0,0,4.5,15,35,2,5.4,,OnyeDa00
365,Harrison Phillips,22,BUF,DT,16,0,0,0,0,,0,,,0,,,0,0,0,1,1,0,0.0,2,35,0,0.0,,PhilHa00
366,Malcolm Smith,29,SFO,RLB,12,5,0,17,11,64.7,123,11.2,7.2,1,105.8,4.6,76,47,18,0,3,0,0.0,3,35,5,12.5,,SmitMa02
367,Stephen Weatherly,24,MIN,RDE,16,6,0,1,0,0.0,0,,0.0,0,39.6,17.0,0,0,0,9,4,0,3.0,16,35,5,12.5,,WeatSt00
368,Kyle Williams,35,BUF,LDT,16,16,0,1,0,0.0,0,,0.0,0,39.6,-5.0,0,0,0,9,6,0,5.0,22,35,4,10.3,PB,WillKy20
369,Ramik Wilson,26,LAR,LB,16,4,0,16,11,68.8,84,7.6,5.3,0,81.2,1.1,16,68,3,0,0,0,0.0,0,35,1,2.8,,WilsRa00
370,Michael Bennett,33,PHI,LDE,16,10,0,2,2,100.0,13,6.5,6.5,0,93.7,1.5,3,10,0,18,18,0,9.0,46,34,5,12.8,,BennMi99
371,Tony Brown,23,GNB,DB,11,3,0,39,22,56.4,223,10.1,5.7,2,90.0,9.5,165,58,0,0,0,0,0.0,0,34,2,5.6,,BrowTo01
372,Tyrone Crawford,29,DAL,RDE,15,15,0,1,0,0.0,0,,0.0,0,39.6,0.0,0,0,0,7,5,0,5.5,19,34,3,8.1,,CrawTy00
373,Marcell Harris,24,SFO,SS,8,5,0,15,12,80.0,110,9.2,7.3,2,136.8,7.1,61,49,8,3,0,0,0.0,3,34,8,19.0,,HarrMa03
374,Troy Hill,27,LAR,RCB,16,7,2,47,29,61.7,458,15.8,9.7,4,104.7,13.1,340,118,0,0,0,0,0.0,0,34,4,10.5,,HillTr01
375,DaQuan Jones,27,TEN,LDE,16,16,0,1,1,100.0,4,4.0,4.0,0,83.3,4.0,4,0,0,2,3,0,0.0,5,34,4,10.5,,JoneDa04
376,Marcus Maye,25,NYJ,FS,6,6,1,13,7,53.8,101,14.4,7.8,2,86.9,14.4,64,37,1,0,0,0,0.5,1,34,5,12.8,,MayeMa00
377,Steve McLendon,32,NYJ,NT,16,14,0,0,0,,0,,,0,,,0,0,0,0,0,0,0.0,0,34,3,8.1,,McLeSt00
378,Dorian O'Daniel,24,KAN,LB,16,1,0,20,16,80.0,109,6.8,5.5,0,89.4,1.0,11,98,10,1,1,0,0.0,2,34,7,17.1,,ODanDo00
379,Terrell Suggs,36,BAL,LOLB,16,16,0,10,6,60.0,75,12.5,7.5,0,83.3,1.8,20,55,86,24,5,0,7.0,37,34,8,19.0,,SuggTe99
380,Brandon Williams,29,BAL,LDE,16,16,0,0,0,,0,,,0,,,0,0,0,2,0,0,1.0,3,34,3,8.1,PB,WillBr02
381,Antwaun Woods,25,DAL,RDT,15,15,0,0,0,,0,,,0,,,0,0,0,7,3,0,1.5,12,34,4,10.5,,WoodAn02
382,Matthew Adams,23,IND,DB,16,5,0,12,10,83.3,150,15.0,12.5,0,118.7,3.9,49,101,8,2,3,0,0.0,5,33,4,10.8,,AdamMa00
383,Vontaze Burfict,28,CIN,RLB,7,7,0,19,16,84.2,140,8.8,7.4,1,114.9,4.3,54,86,13,0,0,0,0.0,0,33,10,23.3,,BurfVo00
384,Tae Davis,22,NYG,LB,14,4,0,23,17,73.9,198,11.6,8.6,1,114.0,4.7,103,95,14,1,2,0,2.0,5,33,7,17.5,,DaviTa00
385,Everson Griffen,31,MIN,RDE,11,10,0,1,0,0.0,0,,0.0,0,39.6,15.0,0,0,0,9,3,0,5.5,19,33,6,15.4,,GrifEv99
386,Grant Haley,22,NYG,LOLB,10,9,0,36,23,63.9,298,13.0,8.3,4,126.9,6.2,113,185,15,2,0,0,0.0,2,33,1,2.9,,HaleGr00
387,Michael Johnson,31,CIN,RDE,15,15,1,0,0,,0,,,0,,,0,0,0,8,1,0,0.5,10,33,4,10.8,,JohnMi98
388,Zach Kerr,28,DEN,DT,16,0,0,0,0,,0,,,0,,,0,0,0,6,0,0,1.5,8,33,2,5.7,,KerrZa00
389,Darius Philon,24,LAC,LDT,16,13,0,0,0,,0,,,0,,,0,0,0,8,4,0,4.0,17,33,5,13.2,,PhilDa01
390,D.J. Reader,24,HOU,RDE,16,16,0,0,0,,0,,,0,,,0,0,0,4,1,0,2.0,7,33,4,10.8,,ReadD.00
391,M.J. Stewart,23,TAM,DB,11,5,0,45,37,82.2,423,11.4,9.4,4,135.5,7.4,204,219,19,1,1,0,0.0,2,33,4,10.8,,StewM.00
392,Daryl Worley,23,OAK,LCB,10,9,1,38,22,57.9,272,12.4,7.2,4,104.3,11.4,220,52,0,0,0,0,0.0,0,33,9,21.4,,WorlDa00
393,Andrew Billings,23,CIN,LDT,16,16,0,0,0,,0,,,0,,,0,0,0,6,4,0,2.5,13,32,3,8.6,,BillAn00
394,Kurt Coleman,30,NOR,SS,16,9,0,13,11,84.6,108,9.8,8.3,1,126.9,4.5,35,73,14,2,0,0,0.0,2,32,5,13.5,,ColeKu99
395,Marcell Dareus,28,JAX,LDT/RDT,15,15,0,1,1,100.0,18,18.0,18.0,0,118.7,-9.0,-9,27,0,4,1,0,1.0,6,32,5,13.5,,DareMa00
396,Ronnie Harrison,21,JAX,DB,14,8,1,18,14,77.8,97,6.9,5.4,0,66.0,3.5,43,54,8,0,0,0,1.0,1,32,3,8.6,,HarrRo02
397,Malik Jackson,28,JAX,RDT,16,10,0,2,2,100.0,28,14.0,14.0,0,118.7,3.5,7,21,0,9,8,0,3.5,21,32,5,13.5,,JackMa02
398,Jayron Kearse,24,MIN,DB,16,1,0,17,12,70.6,80,6.7,4.7,0,80.5,3.3,28,52,1,0,0,0,0.5,1,32,1,3.0,,KearJa00
399,Jordan Lucas,25,KAN,DB,16,4,1,13,8,61.5,106,13.3,8.2,2,94.9,11.2,74,32,3,1,0,0,1.0,2,32,4,11.1,,LucaJo00
400,Robert Nkemdiche,24,ARI,RDT,10,6,0,0,0,,0,,,0,,,0,0,0,2,4,0,4.5,11,32,2,5.9,,NkemRo00
401,Michael Pierce,26,BAL,DT,14,2,0,0,0,,0,,,0,,,0,0,0,4,1,0,0.0,5,32,2,5.9,,PierMi00
402,Shareece Wright,31,HOU,DB,12,5,0,56,36,64.3,437,12.1,7.8,4,112.0,12.1,262,175,0,0,0,0,0.0,0,32,6,15.8,,WrigSh00
403,Ken Crawley,25,NOR,LCB,10,5,0,47,33,70.2,514,15.6,10.9,4,134.5,13.3,398,116,3,2,0,0,0.0,2,31,2,6.1,,CrawKe02
404,Maurice Hurst Jr.,23,OAK,LDT,13,10,0,1,1,100.0,0,0.0,0.0,0,79.2,-1.0,-1,1,0,2,0,0,4.0,6,31,0,0.0,,HursMa00
405,Matthew Ioannidis,24,WAS,RDE/NT,14,9,0,0,0,,0,,,0,,,0,0,0,5,3,0,7.5,16,31,1,3.1,,IoanMa01
406,Clinton McDonald,31,OAK,DT,15,1,0,1,1,100.0,-5,-5.0,-5.0,0,79.2,-5.0,-5,0,0,4,0,0,2.0,6,31,2,6.1,,McDoCl99
407,Domata Peko,34,DEN,NT,16,16,0,1,1,100.0,0,0.0,0.0,0,79.2,0.0,0,0,0,0,2,0,0.5,3,31,4,11.4,,PekoDo20
408,Damion Square,29,LAC,RDE/LDE,16,11,0,1,0,0.0,0,,0.0,0,39.6,1.0,0,0,0,0,3,0,3.0,7,31,2,6.1,,SquaDa00
409,Solomon Thomas,23,SFO,LDE,16,13,0,1,1,100.0,22,22.0,22.0,0,118.7,15.0,15,7,0,13,5,0,1.0,19,31,6,16.2,,ThomSo00
410,Morgan Burnett,29,PIT,DB,11,2,0,30,16,53.3,222,13.9,7.4,0,77.4,13.2,177,45,13,0,2,0,0.0,2,30,2,6.3,,BurnMo99
411,Kyle Emanuel,27,LAC,RLB,16,7,0,13,10,76.9,105,10.5,8.1,1,125.5,5.2,41,64,5,0,0,0,1.0,1,30,5,14.3,,EmanKy00
412,Markus Golden,27,ARI,LDE,11,11,0,0,0,,0,,,0,,,0,0,3,6,4,0,2.5,13,30,1,3.2,,GoldMa00
413,Nate Hairston,24,IND,RCB,13,7,0,30,22,73.3,288,13.1,9.6,2,125.4,8.8,183,105,3,0,0,0,0.0,0,30,4,11.8,,HairNa00
414,Margus Hunt,31,IND,RDE/LDT,15,15,0,1,1,100.0,-8,-8.0,-8.0,0,79.2,-8.0,-8,0,0,6,2,0,5.0,14,30,1,3.2,,HuntMa00
415,Ricky Jean-Francois,32,DET,LDT,16,11,0,0,0,,0,,,0,,,0,0,0,3,0,0,2.0,5,30,2,6.3,,JeanRi99
416,Arden Key,22,OAK,RDE,16,10,0,3,2,66.7,9,4.5,3.0,0,70.1,4.3,-2,11,5,10,8,0,1.0,19,30,6,16.7,,KeyxAr00
417,Shaq Lawson,24,BUF,LDE,14,6,0,4,1,25.0,14,14.0,3.5,0,41.7,7.5,10,4,0,7,7,0,4.0,18,30,3,9.1,,LawsSh00
418,Sean Lee,32,DAL,RLB,7,5,0,14,11,78.6,153,13.9,10.9,0,112.2,7.5,77,76,13,0,1,0,0.5,2,30,4,11.8,,LeexSe99
419,Torry McTyer,23,MIA,DB,15,4,0,35,26,74.3,413,15.9,11.8,2,132.2,11.6,290,123,2,0,0,0,0.0,0,30,3,9.1,,McTyTo00
420,Deadrin Senat,24,ATL,DT,15,2,0,1,1,100.0,-1,-1.0,-1.0,0,79.2,-1.0,-1,0,0,2,3,0,0.0,5,30,2,6.3,,SenaDe00
421,Olivier Vernon,28,NYG,ROLB,11,11,0,1,1,100.0,0,0.0,0.0,0,79.2,-5.0,-5,5,15,8,13,0,7.0,29,30,1,3.2,PB,VernOl00
422,Charvarius Ward,22,KAN,DB,13,2,0,19,15,78.9,182,12.1,9.6,1,124.1,11.1,156,26,0,0,0,0,0.0,0,30,0,0.0,,WardCh01
423,Deatrich Wise Jr.,24,NWE,RDE,16,5,0,0,0,,0,,,0,,,0,0,0,5,5,0,4.5,15,30,6,16.7,,WiseDe00
424,Dante Fowler,24,2TM,DE,15,6,0,4,2,50.0,13,6.5,3.3,0,57.3,-0.5,5,8,16,16,4,0,4.0,24,30,5,14.3,,FowlDa00
424,Dante Fowler,24,JAX,DE,7,0,0,0,0,,0,,,0,,,0,0,0,6,0,0,2.0,8,9,2,18.2,,FowlDa00
424,Dante Fowler,24,LAR,ROLB,8,6,0,4,2,50.0,13,6.5,3.3,0,57.3,-0.5,5,8,16,10,4,0,2.0,16,21,3,12.5,,FowlDa00
425,Aaron Colvin,27,HOU,DB,10,2,0,30,22,73.3,205,9.3,6.8,1,102.8,5.1,107,98,6,0,0,0,0.0,0,29,2,6.5,,ColvAa00
426,Reuben Foster,24,SFO,RLB,6,6,0,24,16,66.7,178,11.1,7.4,1,102.4,5.2,61,117,20,0,2,0,0.0,2,29,10,25.6,,FostRe00
427,Zaire Franklin,22,IND,LB,16,2,0,15,13,86.7,148,11.4,9.9,0,107.8,6.1,64,84,10,0,0,0,0.0,0,29,2,6.5,,FranZa00
428,Abry Jones,27,JAX,LDT/RDT,15,6,0,1,1,100.0,-1,-1.0,-1.0,0,79.2,-4.0,-4,3,0,3,0,0,1.0,4,29,2,6.5,,JoneAb00
429,Carl Nassib,25,TAM,LDE,15,9,0,2,0,0.0,0,,0.0,0,39.6,5.0,0,0,1,7,7,0,6.5,21,29,5,14.7,,NassCa00
430,Reggie Nelson,35,OAK,FS,11,7,2,22,15,68.2,289,19.3,13.1,2,103.4,17.1,230,59,11,0,0,0,0.0,0,29,7,19.4,,NelsRe99
431,Isaac Rochell,23,LAC,DT,16,3,1,0,0,,0,,,0,,,0,0,0,6,1,0,5.0,13,29,2,6.5,,RochIs00
432,Eddie Yarbrough,25,BUF,DE,15,0,0,0,0,,0,,,0,,,0,0,1,3,0,0,0.0,3,29,1,3.3,,YarbEd01
433,Shaquil Barrett,26,DEN,LB,13,0,0,8,6,75.0,68,11.3,8.5,0,100.0,10.8,42,26,37,2,4,0,3.0,9,28,2,6.7,,BarrSh00
434,Anthony Levine,31,BAL,DB,16,0,1,25,18,72.0,151,8.4,6.0,1,83.9,5.9,65,86,41,1,0,0,1.0,2,28,2,6.7,,LeviAn00
435,Josh Mauro,27,NYG,DE,12,4,0,0,0,,0,,,0,,,0,0,0,6,0,0,1.0,7,28,0,0.0,,MaurJo00
436,Gerald McCoy,30,TAM,LDT,14,14,0,1,1,100.0,-1,-1.0,-1.0,0,79.2,-3.0,-3,2,0,6,11,0,6.0,24,28,1,3.4,,McCoGe99
437,Earl Mitchell,31,SFO,LDT,14,12,0,0,0,,0,,,0,,,0,0,0,2,3,0,0.0,5,28,2,6.7,,MitcEa99
438,Mike Mitchell,31,IND,DB,8,4,1,12,10,83.3,74,7.4,6.2,0,57.6,7.3,58,16,3,0,0,0,0.0,0,28,3,9.7,,MitcMi99
439,Al-Quadin Muhammad,23,IND,DE,15,4,0,1,1,100.0,8,8.0,8.0,0,100.0,-6.0,-6,14,0,3,2,0,0.0,5,28,0,0.0,,MuhaAl00
440,Yannick Ngakoue,23,JAX,LDE,16,16,0,4,2,50.0,7,3.5,1.8,0,56.2,0.5,0,7,8,21,20,0,9.5,51,28,7,20.0,,NgakYa00
441,Bilal Nichols,22,CHI,RDE,14,6,0,1,1,100.0,-1,-1.0,-1.0,0,79.2,-2.0,-2,1,0,5,1,0,3.0,10,28,0,0.0,,NichBi00
442,Uchenna Nwosu,22,LAC,LB,16,3,0,2,1,50.0,8,8.0,4.0,0,60.4,9.0,1,7,18,6,4,0,3.5,14,28,3,9.7,,NwosUc00
443,Brian Orakpo,32,TEN,ROLB,13,13,0,9,7,77.8,49,7.0,5.4,0,89.4,4.2,19,30,21,11,2,0,1.5,15,28,6,17.6,,OrakBr99
444,Teez Tabor,23,DET,DB,12,4,0,27,17,63.0,335,19.7,12.4,3,143.3,13.0,266,69,1,0,0,0,0.0,0,28,1,3.4,,TaboTe00
445,Vita Vea,23,TAM,RDT,13,8,0,0,0,,0,,,0,,,0,0,1,4,1,0,3.0,8,28,3,9.7,,VeaxVi00
446,Quincy Wilson,22,IND,DB,13,5,1,40,26,65.0,274,10.5,6.9,1,82.7,9.2,148,126,0,0,0,0,0.0,0,28,4,12.5,,WilsQu01
447,Taco Charlton,24,DAL,RDE,11,7,0,1,0,0.0,0,,0.0,0,39.6,6.0,0,0,0,7,2,0,1.0,10,27,3,10.0,,CharTa00
448,Sharif Finch,23,TEN,LB,15,0,0,5,4,80.0,24,6.0,4.8,0,86.7,4.2,6,18,11,3,0,0,1.5,5,27,1,3.6,,FincSh00
449,Shaun Dion Hamilton,23,WAS,LB,16,4,0,4,3,75.0,60,20.0,15.0,0,116.7,1.0,4,56,9,0,2,0,1.5,4,27,2,6.9,,DionSh00
450,Da'Shawn Hand,23,DET,RDE,13,8,0,0,0,,0,,,0,,,0,0,0,6,0,0,3.0,9,27,1,3.6,,HandDa00
451,Kendrick Lewis,30,TEN,DB,13,3,0,14,9,64.3,116,12.9,8.3,1,114.0,11.6,74,42,0,0,0,0,0.0,0,27,5,15.6,,LewiKe00
452,Doug Middleton,25,NYJ,DB,7,4,0,10,5,50.0,97,19.4,9.7,2,123.7,15.5,72,25,3,0,0,0,0.0,0,27,1,3.6,,MiddDo01
453,Mike Pennel,27,NYJ,RDE/NT,16,7,0,2,1,50.0,17,17.0,8.5,1,118.7,3.5,5,12,0,1,2,0,0.0,3,27,1,3.6,,PennMi00
454,Andrew Sendejo,31,MIN,SS,5,5,0,10,6,60.0,153,25.5,15.3,1,137.5,16.0,109,44,2,0,0,0,0.0,0,27,0,0.0,,SendAn00
455,Vincent Taylor,24,MIA,DT,8,0,0,2,2,100.0,13,6.5,6.5,0,93.7,-2.0,-4,17,0,1,0,0,2.0,3,27,2,6.9,,TaylVi00
456,Brent Urban,27,BAL,RDE,16,16,0,0,0,,0,,,0,,,0,0,0,3,0,0,0.5,4,27,2,6.9,,UrbaBr00
457,Tanner Vallejo,24,CLE,LB,13,1,0,7,4,57.1,40,10.0,5.7,1,113.1,1.9,13,27,5,1,0,0,0.0,1,27,5,15.6,,VallTa00
458,Cre'von LeBlanc,24,2TM,DB,11,4,0,42,27,64.3,349,12.9,8.3,1,98.2,7.2,171,178,3,0,0,0,0.0,0,27,3,10.0,,LeBlCr01
458,Cre'von LeBlanc,24,DET,DB,3,0,0,2,2,100.0,66,33.0,33.0,0,118.7,13.5,27,39,0,0,0,0,0.0,0,3,0,0.0,,LeBlCr01
458,Cre'von LeBlanc,24,PHI,DB,8,4,0,40,25,62.5,283,11.3,7.1,1,92.0,6.9,144,139,3,0,0,0,0.0,0,24,3,11.1,,LeBlCr01
459,Deshazor Everett,26,WAS,DB,16,3,1,6,4,66.7,39,9.8,6.5,0,45.1,5.7,11,28,3,0,0,0,0.0,0,26,4,13.3,,EverDe01
460,Tyler Lancaster,24,GNB,NT,12,5,0,0,0,,0,,,0,,,0,0,0,1,1,0,0.0,2,26,0,0.0,,LancTy00
461,Sherrick McManis,31,CHI,DB,15,0,1,33,18,54.5,149,8.3,4.5,1,63.8,10.3,77,72,13,2,1,0,1.0,4,26,2,7.1,,McMaSh99
462,Daniel Sorensen,28,KAN,DB,7,3,1,18,10,55.6,121,12.1,6.7,3,92.8,9.3,81,40,13,1,1,0,0.0,2,26,3,10.3,,SoreDa01
463,Ray-Ray Armstrong,27,2TM,DB,15,1,0,13,11,84.6,118,10.7,9.1,1,130.1,3.2,33,85,2,0,0,0,0.0,0,26,3,10.3,,ArmsRa01
463,Ray-Ray Armstrong,27,NYG,DB,6,1,0,13,11,84.6,118,10.7,9.1,1,130.1,3.2,33,85,1,0,0,0,0.0,0,20,3,13.0,,ArmsRa01
463,Ray-Ray Armstrong,27,CLE,DB,9,0,0,0,0,,0,,,0,,,0,0,1,0,0,0,0.0,0,6,0,0.0,,ArmsRa01
464,Andre Branch,29,MIA,DE,14,1,0,1,0,0.0,0,,0.0,0,39.6,12.0,0,0,3,8,3,0,1.5,13,25,6,19.4,,BranAn00
465,Mike Ford,23,DET,DB,7,4,0,37,25,67.6,443,17.7,12.0,1,117.3,12.0,280,163,0,0,0,0,0.0,0,25,2,7.4,,FordMi01
466,Randy Gregory,26,DAL,DE,14,1,0,1,0,0.0,0,,0.0,0,39.6,3.0,0,0,0,9,10,0,6.0,25,25,3,10.7,,GregRa00
467,Leon Hall,34,OAK,DB,10,4,0,20,16,80.0,181,11.3,9.1,0,104.4,5.8,74,107,10,0,1,0,0.0,1,25,3,10.7,,HallLe98
468,Quinton Jefferson,25,SEA,LDE,16,12,0,0,0,,0,,,0,,,0,0,0,9,10,0,3.0,23,25,4,13.8,,JeffQu00
469,Sidney Jones,22,PHI,DB,9,4,0,42,26,61.9,249,9.6,5.9,2,94.2,7.9,141,108,3,1,0,0,0.0,1,25,6,19.4,,JoneSi00
470,Derrick Morgan,29,TEN,LOLB,13,12,0,5,5,100.0,51,10.2,10.2,0,109.2,4.6,23,28,12,11,4,0,0.5,16,25,4,13.8,,MorgDe99
471,Shamar Stephen,27,SEA,RDT,15,14,0,1,1,100.0,2,2.0,2.0,0,79.2,2.0,2,0,0,1,1,0,2.0,4,25,2,7.4,,StepSh00
472,Angelo Blackson,26,HOU,DT,16,4,0,2,1,50.0,19,19.0,9.5,0,83.3,0.5,4,15,0,2,1,0,1.0,4,24,2,7.7,,BlacAn00
473,Oren Burks,23,GNB,LB,14,4,0,9,7,77.8,69,9.9,7.7,0,98.6,7.9,26,43,6,0,0,0,0.0,0,24,2,7.7,,BurkOr00
474,Anthony Chickillo,26,PIT,DE,16,0,0,7,4,57.1,32,8.0,4.6,0,68.7,2.3,5,27,21,2,1,0,1.5,5,24,0,0.0,,ChicAn00
475,Brandon Dunn,26,HOU,NT,14,10,0,0,0,,0,,,0,,,0,0,0,2,0,0,0.0,2,24,2,7.7,,DunnBr00
476,Javien Elliott,25,TAM,DB,15,5,1,29,24,82.8,193,8.0,6.7,0,80.0,6.1,109,84,16,0,1,0,0.0,1,24,5,17.2,,ElliJa01
477,Lano Hill,23,SEA,DB,13,2,0,13,5,38.5,48,9.6,3.7,0,49.5,7.8,22,26,17,1,1,0,0.0,2,24,2,7.7,,HillDe02
478,Wes Horton,28,CAR,RDE,16,8,0,1,1,100.0,0,0.0,0.0,0,79.2,-1.0,-1,1,1,5,1,0,1.5,10,24,5,17.2,,HortWe00
479,J.C. Jackson,23,NWE,DB,13,5,3,45,22,48.9,256,11.6,5.7,0,38.8,14.4,185,71,0,0,0,0,0.0,0,24,1,4.0,,JackJ.00
480,Trent Murphy,28,BUF,LDE,13,10,0,6,5,83.3,13,2.6,2.2,0,79.2,-0.5,-6,19,1,8,4,0,4.0,17,24,7,22.6,,MurpTr00
481,Nick Perry,28,GNB,ROLB,9,9,0,3,3,100.0,18,6.0,6.0,0,91.7,2.3,7,11,27,4,0,0,1.5,6,24,2,7.7,,PerrNi00
482,Brooks Reed,31,ATL,RDE,16,8,0,3,2,66.7,21,10.5,7.0,0,86.8,2.7,8,13,5,5,1,0,1.0,7,24,1,4.0,,ReedBr00
483,Breeland Speaks,23,KAN,DT,16,4,0,7,7,100.0,77,11.0,11.0,0,112.5,-0.6,-4,81,21,7,4,0,1.5,13,24,3,11.1,,SpeaBr00
484,Jimmie Ward,27,SFO,FS,9,7,0,22,12,54.5,193,16.1,8.8,2,114.4,12.0,153,40,5,0,0,0,0.0,0,24,1,4.0,,WardJi01
485,Al Woods,31,IND,LDT,14,8,0,0,0,,0,,,0,,,0,0,0,7,2,0,0.0,9,24,1,4.0,,WoodAl99
486,Jordan Phillips,26,2TM,DT,16,0,0,1,1,100.0,9,9.0,9.0,0,104.2,0.0,0,9,0,3,0,0,1.0,4,24,4,14.3,,PhilJo01
486,Jordan Phillips,26,MIA,DT,4,0,0,1,1,100.0,9,9.0,9.0,0,104.2,0.0,0,9,0,0,0,0,1.0,1,5,0,0.0,,PhilJo01
486,Jordan Phillips,26,BUF,DT,12,0,0,0,0,,0,,,0,,,0,0,0,3,0,0,0.0,3,19,4,17.4,,PhilJo01
487,Joey Bosa,23,LAC,LDE,7,6,0,0,0,,0,,,0,,,0,0,0,8,3,0,5.5,17,23,3,11.5,,BosaJo00
488,Tramaine Brock,30,DEN,RCB,12,5,0,43,22,51.2,311,14.1,7.2,1,82.6,11.5,204,107,0,0,0,0,0.0,0,23,7,23.3,,BrocTr00
489,Tyeler Davison,26,NOR,RDT,14,12,0,1,1,100.0,12,12.0,12.0,0,116.7,7.0,7,5,0,2,1,0,2.0,5,23,0,0.0,,DaviTy01
490,Kavon Frazier,24,DAL,DB,16,2,0,16,12,75.0,148,12.3,9.3,3,142.7,5.9,56,92,2,0,0,0,1.0,1,23,5,17.9,,FrazKa00
491,Nathan Gerry,23,PHI,DB,13,2,1,12,10,83.3,97,9.7,8.1,1,93.4,5.2,50,47,2,0,0,0,0.0,0,23,2,8.0,,GerrNa00
492,Rayshawn Jenkins,24,LAC,DB,15,1,0,9,6,66.7,32,5.3,3.6,1,109.5,4.9,10,22,4,0,1,0,0.5,2,23,0,0.0,,JenkRa00
493,Tom Johnson,34,MIN,DT,13,0,0,0,0,,0,,,0,,,0,0,0,6,0,0,4.5,11,23,2,8.0,,JohnTo01
494,Chris Long,33,PHI,DE,16,0,0,1,0,0.0,0,,0.0,0,39.6,-5.0,0,0,7,13,11,0,6.5,32,23,2,8.0,,LongCh99
495,Tarvarius Moore,22,SFO,DB,16,2,0,25,17,68.0,160,9.4,6.4,4,125.0,8.0,84,76,3,1,0,0,0.0,1,23,2,8.0,,MoorTa00
496,Mark Nzeocha,28,SFO,LB,16,3,0,9,7,77.8,67,9.6,7.4,0,97.7,3.9,10,57,3,0,0,0,1.0,1,23,2,8.0,,NzeoMa00
497,Isaiah Oliver,22,ATL,DB,14,2,1,27,16,59.3,184,11.5,6.8,2,89.1,11.1,117,67,1,0,0,0,0.0,0,23,0,0.0,,OlivIs00
498,Aqib Talib,32,LAR,RCB,8,8,1,31,20,64.5,265,13.3,8.5,0,78.0,10.0,151,114,0,0,0,0,0.0,0,23,1,4.2,,TaliAq99
499,Trevor Williams,25,LAC,LCB,9,7,1,39,29,74.4,394,13.6,10.1,3,121.1,11.1,269,125,0,0,0,0,0.0,0,23,5,17.9,,WillTr05
500,K.J. Wright,29,SEA,RLB,5,5,0,19,12,63.2,131,10.9,6.9,1,101.0,3.1,51,80,4,1,0,0,0.0,1,23,4,14.8,,WrigK.00
501,Tyson Alualu,31,PIT,DE,15,2,0,0,0,,0,,,0,,,0,0,0,2,0,0,0.0,2,22,1,4.3,,AluaTy99
502,Devante Bond,25,TAM,LLB,11,4,0,9,7,77.8,121,17.3,13.4,0,118.7,4.9,38,83,8,1,1,0,0.0,2,22,1,4.3,,BondDe00
503,Artie Burns,23,PIT,RCB,16,6,0,25,16,64.0,289,18.1,11.6,5,143.2,15.6,232,57,1,0,0,0,0.0,0,22,2,8.3,,BurnAr00
504,Marcus Davenport,22,NOR,DE,13,0,0,1,1,100.0,4,4.0,4.0,0,83.3,-3.0,-3,7,1,3,9,0,4.5,17,22,1,4.3,,DaveMa00
505,P.J. Hall,23,OAK,LDT,14,6,0,2,2,100.0,20,10.0,10.0,0,108.3,-3.0,-6,26,0,7,3,0,0.0,10,22,1,4.3,,HallP.00
506,Josh Harvey-Clemons,24,WAS,DB,16,0,0,24,14,58.3,89,6.4,3.7,0,66.1,4.5,28,61,19,1,1,0,1.0,3,22,4,15.4,,HarvJo01
507,Mike Hughes,21,MIN,DB,6,2,1,30,20,66.7,274,13.7,9.1,2,104.0,9.8,157,117,0,0,0,0,0.0,0,22,4,15.4,,HughMi00
508,Austin Johnson,24,TEN,NT,16,9,0,0,0,,0,,,0,,,0,0,0,2,0,0,1.0,3,22,1,4.3,,JohnAu01
509,Dion Jordan,28,SEA,DE,12,3,0,1,1,100.0,7,7.0,7.0,0,95.8,-3.0,-3,10,0,7,4,0,1.5,13,22,1,4.3,,JordDi00
510,Frankie Luvu,22,NYJ,LB,14,1,0,6,5,83.3,26,5.2,4.3,0,84.7,0.2,-5,31,34,9,8,0,3.0,20,22,7,24.1,,LuvuFr00
511,Takkarist McKinley,23,ATL,RDE,15,8,0,1,1,100.0,17,17.0,17.0,0,118.7,-7.0,-7,24,1,10,7,0,7.0,25,22,2,8.3,,McKiTa00
512,Julius Peppers,38,CAR,RDE,16,8,0,2,1,50.0,18,18.0,9.0,0,81.2,8.5,6,12,0,6,4,0,5.0,15,22,1,4.3,,PeppJu99
513,Darius Phillips,23,CIN,DB,15,1,0,26,18,69.2,133,7.4,5.1,0,81.1,10.2,67,66,1,0,0,0,0.0,0,22,3,12.0,,PhilDa02
514,Roy Robertson-Harris,25,CHI,DE,16,0,0,0,0,,0,,,0,,,0,0,0,7,5,0,3.0,16,22,1,4.3,,RobeRo00
515,Sam Shields,31,LAR,DB,16,2,1,37,25,67.6,444,17.8,12.0,4,133.2,11.1,292,152,0,0,0,0,0.0,0,22,6,21.4,,ShieSa00
516,LeShaun Sims,25,TEN,DB,16,2,0,22,14,63.6,146,10.4,6.6,1,97.9,8.2,80,66,8,0,1,0,0.0,1,22,3,12.0,,SimsLe00
517,Terrance Smith,25,KAN,LB,7,0,0,23,15,65.2,166,11.1,7.2,0,86.5,5.7,52,114,13,1,0,0,1.0,2,22,4,15.4,,SmitTe04
518,Cameron Sutton,23,PIT,DB,15,1,1,29,20,69.0,297,14.9,10.2,3,122.3,13.2,233,64,10,0,2,0,0.0,2,22,1,4.3,,SuttCa00
519,Earl Thomas,29,SEA,DB,4,4,3,9,3,33.3,43,14.3,4.8,1,47.2,11.8,35,8,4,1,0,0,0.0,1,22,0,0.0,,ThomEa99
520,David Amerson,27,ARI,DB,6,5,1,25,13,52.0,118,9.1,4.7,1,61.7,11.0,91,27,2,0,0,0,0.0,0,21,3,12.5,,AmerDa00
521,Jason Cabinda,22,OAK,LB,10,3,0,6,4,66.7,50,12.5,8.3,0,92.4,12.0,24,26,5,1,1,0,0.0,2,21,1,4.5,,CabiJa00
522,Bruce Carter,30,ATL,LB,11,0,0,6,4,66.7,58,14.5,9.7,0,97.9,8.5,48,10,0,0,0,0,0.0,0,21,1,4.5,,CartBr00
523,Chuck Clark,23,BAL,DB,16,2,1,15,11,73.3,99,9.0,6.6,3,102.5,9.5,52,47,8,2,0,0,0.0,2,21,4,16.0,,ClarCh00
524,Adrian Colbert,25,SFO,FS,7,6,0,13,7,53.8,143,20.4,11.0,2,132.4,21.8,128,15,2,0,0,0,0.0,0,21,4,16.0,,ColbAd00
525,Vinny Curry,30,TAM,LDE,12,7,0,2,1,50.0,9,9.0,4.5,0,62.5,1.5,0,9,0,3,3,0,2.5,9,21,1,4.5,,CurrVi00
526,Poona Ford,23,SEA,DT,11,1,0,1,0,0.0,0,,0.0,0,39.6,-2.0,0,0,0,5,2,0,0.0,7,21,0,0.0,,FordPo00
527,Kemal Ishmael,27,ATL,DB,16,0,0,3,3,100.0,36,12.0,12.0,0,116.7,6.0,18,18,0,0,0,0,0.0,0,21,0,0.0,,IshmKe00
528,Leon Jacobs,23,JAX,LB,12,3,0,5,5,100.0,30,6.0,6.0,1,131.2,2.8,14,16,1,0,0,0,0.0,0,21,2,8.7,,JacoLe00
529,Akeem King,26,SEA,DB,16,1,0,15,11,73.3,84,7.6,5.6,2,126.1,8.3,58,26,3,0,1,0,0.0,1,21,0,0.0,,KingAk00
530,Parry Nickerson,24,NYJ,DB,16,2,0,34,25,73.5,257,10.3,7.6,2,114.5,7.2,157,100,7,0,0,0,0.0,0,21,1,4.5,,NickPa00
531,Danny Shelton,25,NWE,DE,13,1,0,1,0,0.0,0,,0.0,0,39.6,0.0,0,0,0,1,1,0,0.0,3,21,0,0.0,,ShelDa01
532,Chris Smith,26,CLE,DE,16,2,0,0,0,,0,,,0,,,0,0,6,4,1,0,1.0,7,21,4,16.0,,SmitCh03
533,Tracy Walker,23,DET,DB,16,0,1,13,4,30.8,69,17.3,5.3,1,43.4,22.8,61,8,0,0,0,0,0.0,0,21,2,8.7,,WalkTr01
534,Jarrod Wilson,24,JAX,DB,16,2,0,7,1,14.3,-1,-1.0,-0.1,0,39.6,17.1,-1,0,6,1,0,0,0.0,1,21,0,0.0,,WilsJa00
535,Montravius Adams,23,GNB,DT,16,1,0,0,0,,0,,,0,,,0,0,0,0,0,0,1.5,2,20,0,0.0,,AdamMo00
536,Beau Allen,27,TAM,RDT,14,8,0,0,0,,0,,,0,,,0,0,0,1,3,0,0.0,4,20,2,9.1,,AlleBe00
537,Vic Beasley,26,ATL,LDE,16,9,0,6,4,66.7,30,7.5,5.0,0,78.5,0.2,-9,39,22,13,2,0,5.0,20,20,11,35.5,,BeasVi00
538,Bashaud Breeland,26,GNB,RCB,7,5,2,33,17,51.5,239,14.1,7.2,0,49.9,10.2,114,125,9,3,0,0,0.0,3,20,5,20.0,,BreeBa00
539,Taven Bryan,22,JAX,DT,16,1,0,1,1,100.0,9,9.0,9.0,0,104.2,1.0,1,8,0,2,1,0,1.0,4,20,1,4.8,,BryaTa00
540,Colin Jones,31,CAR,DB,16,1,1,6,5,83.3,68,13.6,11.3,2,113.9,13.3,62,6,1,0,0,0,0.0,0,20,1,4.8,,JoneCo01
541,Nick Nelson,22,OAK,DB,10,3,0,30,18,60.0,307,17.1,10.2,4,134.3,13.6,177,130,6,0,0,0,0.0,0,20,3,13.0,,NelsNi00
542,Jermaine Whitehead,25,GNB,DB,7,2,0,15,10,66.7,103,10.3,6.9,1,108.5,6.3,59,44,23,1,0,0,1.0,2,20,4,16.7,,WhitJe02
543,Jordan Willis,23,CIN,LB,16,1,0,0,0,,0,,,0,,,0,0,0,4,4,0,1.0,9,20,4,16.7,,WillJo09
544,Isaac Yiadom,22,DEN,DB,13,1,1,34,20,58.8,258,12.9,7.6,3,99.9,12.1,206,52,0,0,0,0,0.0,0,20,3,13.0,,YiadIs00
545,Fadol Brown,25,2TM,DE,12,0,0,0,0,,0,,,0,,,0,0,0,2,3,0,0.0,5,20,3,13.0,,BrowFa00
545,Fadol Brown,25,OAK,DE,8,0,0,0,0,,0,,,0,,,0,0,0,2,1,0,0.0,3,17,3,15.0,,BrowFa00
545,Fadol Brown,25,GNB,DE,4,0,0,0,0,,0,,,0,,,0,0,0,0,2,0,0.0,2,3,0,0.0,,BrowFa00
546,Vernon Butler,24,CAR,DT,14,0,0,0,0,,0,,,0,,,0,0,0,5,0,0,0.5,6,19,1,5.0,,ButlVe00
547,Maliek Collins,23,DAL,LDT,13,9,0,0,0,,0,,,0,,,0,0,0,6,4,0,3.0,13,19,3,13.6,,CollMa00
548,Kamalei Correa,24,TEN,LB,13,4,0,5,5,100.0,75,15.0,15.0,0,118.7,3.8,19,56,11,1,1,0,3.5,6,19,4,17.4,,CorrKa00
549,Matthias Farley,26,IND,DB,5,1,1,15,10,66.7,158,15.8,10.5,1,96.0,9.9,116,42,2,0,0,0,0.0,0,19,3,13.6,,FarlMa00
550,Justin Hardee,24,NOR,WR,16,0,1,14,11,78.6,157,14.3,11.2,0,83.6,9.8,98,59,0,0,0,0,0.0,0,19,3,13.6,,HardJu01
551,Charles Harris,23,MIA,DE,11,1,0,1,1,100.0,-4,-4.0,-4.0,0,79.2,-6.0,-6,2,0,8,3,0,1.0,12,19,2,9.5,,HarrCh03
552,Mychal Kendricks,28,SEA,LB,4,3,0,9,7,77.8,42,6.0,4.7,0,86.1,2.4,3,39,10,1,1,0,2.0,4,19,6,24.0,,KendMy00
553,Kyle Love,32,CAR,DT,16,2,0,0,0,,0,,,0,,,0,0,0,4,2,0,1.5,8,19,3,13.6,,LoveKy00
554,Vincent Rey,31,CIN,LB,16,2,0,5,3,60.0,31,10.3,6.2,0,77.9,3.2,-3,34,7,0,0,0,0.0,0,19,0,0.0,,ReyxVi00
555,Bruce Irvin,31,2TM,DE,16,9,0,4,1,25.0,2,2.0,0.5,0,39.6,-1.5,2,0,9,5,3,0,6.5,15,19,2,9.5,,IrviBr00
555,Bruce Irvin,31,OAK,RDE,8,6,0,2,0,0.0,0,,0.0,0,39.6,-4.0,0,0,7,2,0,0,3.0,5,6,2,25.0,,IrviBr00
555,Bruce Irvin,31,ATL,DE,8,3,0,2,1,50.0,2,2.0,1.0,0,56.2,1.0,2,0,2,3,3,0,3.5,10,13,0,0.0,,IrviBr00
556,Ryan Anderson,24,WAS,LB,13,0,0,3,1,33.3,17,17.0,5.7,0,53.5,2.3,3,14,3,3,2,0,2.0,7,18,1,5.3,,AndeRy00
557,Jonathan Bullard,25,CHI,DE,16,1,0,0,0,,0,,,0,,,0,0,0,1,0,0,0.0,1,18,2,10.0,,BullJo00
558,Ibraheim Campbell,26,GNB,DB,3,1,0,3,3,100.0,20,6.7,6.7,0,94.4,5.7,17,3,1,0,0,0,0.0,0,18,0,0.0,,CampIb00
559,Sean Chandler,22,NYG,DB,16,0,0,10,8,80.0,167,20.9,16.7,1,152.1,15.8,117,50,10,0,1,0,1.0,2,18,1,5.3,,ChanSe00
560,Su'a Cravens,23,DEN,LB,5,0,0,9,9,100.0,125,13.9,13.9,0,118.7,9.3,84,41,5,0,1,0,0.0,1,18,0,0.0,,CravSu00
561,Mike Daniels,29,GNB,RDE,10,9,0,0,0,,0,,,0,,,0,0,0,11,1,0,2.0,14,18,2,10.0,,DaniMi00
562,Hayes Pullard,26,LAC,LB,9,0,0,8,7,87.5,42,6.0,5.3,0,88.5,3.8,24,18,2,0,0,0,0.0,0,18,0,0.0,,PullHa00
563,Brennan Scarlett,25,HOU,LB,12,3,1,7,5,71.4,34,6.8,4.9,0,42.3,4.9,17,17,6,0,2,0,0.0,2,18,1,5.3,,ScarBr00
564,DeShawn Shead,29,DET,DB,12,1,0,19,15,78.9,290,19.3,15.3,2,153.8,16.4,216,74,1,0,0,0,0.0,0,18,3,14.3,,SheaDe00
565,Manti Te'o,27,NOR,LB,5,2,0,11,6,54.5,32,5.3,2.9,0,60.0,3.5,11,21,6,0,0,0,0.0,0,18,1,5.3,,TeoxMa00
566,Jamar Taylor,28,2TM,DB,14,3,0,31,22,71.0,378,17.2,12.2,1,122.8,11.2,256,122,1,0,0,0,0.0,0,18,4,18.2,,TaylJa01
566,Jamar Taylor,28,ARI,DB,10,3,0,30,22,73.3,378,17.2,12.6,1,126.4,11.2,256,122,1,0,0,0,0.0,0,17,4,19.0,,TaylJa01
566,Jamar Taylor,28,DEN,DB,4,0,0,1,0,0.0,0,,0.0,0,39.6,11.0,0,0,0,0,0,0,0.0,0,1,0,0.0,,TaylJa01
567,Ricardo Allen,27,ATL,DB,3,3,1,19,6,31.6,82,13.7,4.3,0,24.5,11.1,39,43,0,0,0,0,0.0,0,17,2,10.5,,AlleRi00
568,Adam Butler,24,NWE,DT,16,0,0,2,1,50.0,-3,-3.0,-1.5,0,56.2,-2.5,-4,1,2,5,2,0,3.0,10,17,0,0.0,,ButlAd00
569,Rashaan Gaulden,23,CAR,DB,15,0,0,3,1,33.3,8,8.0,2.7,1,81.9,6.7,2,6,0,0,0,0,0.0,0,17,3,15.0,,GaulRa00
570,Derrick Johnson,36,OAK,LB,6,1,0,6,5,83.3,44,8.8,7.3,0,97.2,6.2,37,7,3,1,0,0,0.0,1,17,3,15.0,,JohnDe25
571,D.J. Jones,23,SFO,DT,10,4,0,0,0,,0,,,0,,,0,0,0,1,1,0,0.0,2,17,2,10.5,,JoneD.01
572,Justin Jones,22,LAC,DT,15,0,0,0,0,,0,,,0,,,0,0,0,1,0,0,0.5,2,17,1,5.6,,JoneJu03
573,Kevin King,23,GNB,RCB,6,6,1,24,13,54.2,143,11.0,6.0,3,94.3,12.0,94,49,1,0,0,0,0.0,0,17,3,15.0,,KingKe01
574,Matt Longacre,27,LAR,ROLB,13,7,0,0,0,,0,,,0,,,0,0,28,4,3,0,1.0,8,17,3,15.0,,LongMa00
575,Star Lotulelei,29,BUF,RDT,16,16,0,0,0,,0,,,0,,,0,0,0,3,0,0,0.0,3,17,0,0.0,,LotuSt00
576,Terrell McClain,30,ATL,LDT,13,5,0,0,0,,8,,,0,,,5,3,0,1,0,0,1.0,2,17,2,10.5,,McClTe00
577,Haloti Ngata,34,PHI,LDT,13,9,0,1,0,0.0,0,,0.0,0,39.6,-6.0,0,0,0,1,2,0,1.0,4,17,1,5.6,,NgatHa20
578,Dontari Poe,28,CAR,RDT,16,16,0,0,0,,0,,,0,,,0,0,0,2,1,0,1.0,4,17,2,10.5,,PoexDo00
579,John Simon,28,NWE,DE,11,2,0,2,2,100.0,23,11.5,11.5,0,114.6,9.0,18,5,25,3,1,0,2.0,6,17,1,5.6,,SimoJo01
580,Grover Stewart,25,IND,DT,15,1,0,0,0,,0,,,0,,,0,0,0,1,0,0,0.0,1,17,1,5.6,,StewGr00
581,Tre Sullivan,24,PHI,DB,12,1,0,12,7,58.3,49,7.0,4.1,0,67.7,9.3,10,39,0,0,0,0,0.0,0,17,3,15.0,,SullTr01
582,Kyzir White,22,LAC,DB,3,3,1,16,8,50.0,97,12.1,6.1,1,63.8,6.9,39,58,0,0,0,0,0.0,0,17,2,10.5,,WhitKy00
583,Derek Barnett,22,PHI,LDE,6,6,0,0,0,,0,,,0,,,0,0,1,3,5,0,2.5,11,16,1,5.9,,BarnDe01
584,William Compton,29,TEN,LB,12,2,0,3,1,33.3,7,7.0,2.3,0,42.4,5.7,3,4,5,0,0,0,0.0,0,16,0,0.0,,CompWi00
585,Najee Goode,29,IND,LB,16,0,1,4,4,100.0,31,7.8,7.8,1,99.0,3.0,12,19,2,1,0,0,0.0,1,16,3,15.8,,GoodNa00
586,George Iloka,28,MIN,DB,16,3,0,4,2,50.0,46,23.0,11.5,0,91.7,18.0,38,8,0,0,0,0,0.0,0,16,0,0.0,,IlokGe00
587,Joseph Jones,24,DEN,LB,16,0,0,1,1,100.0,2,2.0,2.0,0,79.2,2.0,2,0,0,0,0,0,0.0,0,16,0,0.0,,JoneJo05
588,Aaron Lynch,25,CHI,DE,13,3,1,4,3,75.0,40,13.3,10.0,1,106.2,6.0,16,24,9,4,3,0,3.0,10,16,2,11.1,,LyncAa00
589,Greg Mabin,24,SFO,DB,13,1,0,18,10,55.6,160,16.0,8.9,2,122.5,14.2,146,14,0,0,0,0,0.0,0,16,2,11.1,,MabiGr00
590,Tyler Matakevich,26,PIT,LB,16,1,0,4,4,100.0,37,9.3,9.3,0,105.2,7.8,31,6,1,0,0,0,0.0,0,16,0,0.0,,MataTy00
591,Kevin Toliver,23,CHI,DB,15,1,0,18,12,66.7,128,10.7,7.1,0,87.3,12.6,115,13,0,0,0,0,0.0,0,16,0,0.0,,ToliKe00
592,Chris Wormley,25,BAL,NT,16,6,0,0,0,,0,,,0,,,0,0,0,6,1,0,1.0,8,16,3,15.8,,WormCh00
593,Christian Covington,25,HOU,DT,12,2,0,2,1,50.0,1,1.0,0.5,0,56.2,0.5,3,-2,0,3,3,0,3.5,10,15,0,0.0,,CoviCh00
594,Nick Kwiatkoski,25,CHI,LB,16,1,0,7,5,71.4,60,12.0,8.6,0,97.3,4.4,26,34,6,0,1,0,0.0,1,15,0,0.0,,KwiaNi00
595,Ryan Lewis,24,BUF,DB,7,3,0,19,13,68.4,164,12.6,8.6,0,95.1,10.7,100,64,1,0,0,0,0.0,0,15,3,16.7,,LewiRy01
596,Nathan Shepherd,25,NYJ,RDE,16,5,0,0,0,,0,,,0,,,0,0,0,1,4,0,0.0,5,15,3,16.7,,ShepNa00
597,Julian Stanford,28,BUF,LB,13,1,0,7,6,85.7,68,11.3,9.7,0,107.1,7.4,48,20,5,0,0,0,1.0,1,15,1,6.3,,StanJu00
598,Kemoko Turay,23,IND,LB,14,3,0,1,1,100.0,11,11.0,11.0,0,112.5,7.0,7,4,1,8,6,0,4.0,19,15,1,6.3,,TuraKe00
599,Kyle Wilber,29,OAK,LB,14,0,0,2,1,50.0,9,9.0,4.5,0,62.5,4.0,3,6,1,3,0,0,0.0,3,15,2,11.8,,WilbKy00
600,De'Vante Bausby,25,PHI,DB,6,1,0,13,11,84.6,203,18.5,15.6,1,144.4,12.5,114,89,0,0,0,0,0.0,0,14,4,22.2,,BausDe00
601,Ja'Whaun Bentley,22,NWE,LB,3,2,1,8,6,75.0,56,9.3,7.0,0,54.2,5.9,12,44,14,0,1,0,0.0,1,14,1,6.7,,BentJa00
602,Riley Bullough,25,TAM,LB,9,3,0,5,2,40.0,24,12.0,4.8,0,55.4,9.6,6,18,0,0,0,0,0.0,0,14,0,0.0,,BullRi00
603,Chris Conte,29,TAM,DB,3,3,0,6,4,66.7,47,11.8,7.8,0,90.3,10.5,39,8,0,0,0,0,0.0,0,14,0,0.0,,ContCh00
604,Keion Crossen,22,NWE,DB,11,0,0,8,7,87.5,97,13.9,12.1,0,117.2,14.0,89,8,0,0,0,0,0.0,0,14,0,0.0,,CrosKe00
605,Mario Edwards,24,NYG,DE,15,0,0,0,0,,0,,,0,,,0,0,0,1,3,0,2.0,7,14,0,0.0,,EdwaMa01
606,Bryce Hager,26,LAR,LB,16,0,0,5,3,60.0,12,4.0,2.4,0,64.6,1.4,0,12,4,0,0,0,0.0,0,14,0,0.0,,HageBr00
607,Danny Johnson,23,WAS,DB,14,1,0,14,12,85.7,150,12.5,10.7,2,150.9,9.2,74,76,0,0,0,0,0.0,0,14,2,12.5,,JohnDa09
608,Corey Liuget,28,LAC,DT,6,3,0,0,0,,0,,,0,,,0,0,0,2,3,0,1.5,7,14,0,0.0,,LiugCo00
609,Bennie Logan,29,TEN,DT,15,0,0,0,0,,0,,,0,,,0,0,0,0,0,0,0.0,0,14,1,6.7,,LogaBe00
610,David Mayo,25,CAR,LB,16,3,0,7,6,85.7,96,16.0,13.7,0,118.7,6.1,42,54,7,2,0,0,0.0,2,14,5,26.3,,MayoDa00
611,Steven Means,28,ATL,DE,8,4,0,0,0,,0,,,0,,,0,0,1,2,0,0,1.0,3,14,0,0.0,,MeanSt00
612,Zach Moore,28,ARI,DE,16,1,0,2,2,100.0,27,13.5,13.5,0,118.7,1.5,3,24,1,1,1,0,3.5,6,14,2,12.5,,MoorZa00
613,Tyler Patmon,27,JAX,DB,12,2,0,15,12,80.0,136,11.3,9.1,0,104.4,9.2,89,47,9,4,0,0,0.0,4,14,0,0.0,,PatmTy00
614,Craig Robertson,30,NOR,LB,16,0,0,3,2,66.7,21,10.5,7.0,0,86.8,4.7,12,9,6,0,0,0,1.0,1,14,0,0.0,,RobeCr00
615,Daniel Ross,25,DAL,DT,13,0,0,0,0,,0,,,0,,,0,0,0,0,5,0,1.0,6,14,1,6.7,,RossDa02
616,Nathan Stupar,30,NYG,LB,16,1,0,5,4,80.0,22,5.5,4.4,1,124.6,1.6,3,19,1,0,0,0,0.0,0,14,1,6.7,,StupNa01
617,Joe Thomas,27,DAL,LB,10,0,0,7,5,71.4,41,8.2,5.9,0,86.0,2.9,21,20,5,0,0,0,0.0,0,14,2,12.5,,ThomJo04
618,Corey Thompson,25,BUF,LB,6,1,0,4,3,75.0,11,3.7,2.8,0,77.1,6.8,7,4,3,0,0,0,0.0,0,14,2,12.5,,ThomCo02
619,Anthony Zettel,26,CLE,DE,15,0,0,1,1,100.0,5,5.0,5.0,0,87.5,5.0,5,0,0,0,0,0,0.0,0,14,0,0.0,,ZettAn00
620,Sylvester Williams,30,2TM,DT,14,4,0,0,0,,0,,,0,,,0,0,0,3,0,0,0.0,3,14,2,12.5,,WillSy00
620,Sylvester Williams,30,DET,DT,6,4,0,0,0,,0,,,0,,,0,0,0,2,0,0,0.0,2,6,1,14.3,,WillSy00
620,Sylvester Williams,30,MIA,DT,8,0,0,0,0,,0,,,0,,,0,0,0,1,0,0,0.0,1,8,1,11.1,,WillSy00
621,Dorance Armstrong Jr.,21,DAL,DE,15,1,0,0,0,,0,,,0,,,0,0,0,4,2,0,0.5,7,13,1,7.1,,ArmsDo00
622,Jermaine Carter Jr.,23,CAR,LB,16,1,0,7,6,85.7,91,15.2,13.0,1,158.3,8.1,37,54,2,0,1,0,0.0,1,13,2,13.3,,CartJe00
623,Dylan Cole,24,HOU,LB,8,0,0,9,8,88.9,74,9.3,8.2,1,138.0,2.7,20,54,5,0,0,0,0.0,0,13,5,27.8,,ColeDy00
624,E.J. Gaines,26,CLE,DB,6,2,1,20,8,40.0,127,15.9,6.4,0,41.0,11.3,85,42,2,0,0,0,0.0,0,13,4,23.5,,GainE.00
625,Andre Hal,26,HOU,DB,8,2,3,11,7,63.6,162,23.1,14.7,1,97.9,14.2,111,51,2,0,0,0,0.0,0,13,2,13.3,,HalxAn00
626,Tre Herndon,22,JAX,DB,11,0,0,8,6,75.0,73,12.2,9.1,1,142.2,8.0,51,22,1,0,0,0,0.0,0,13,1,7.1,,HernTr00
627,Treyvon Hester,26,PHI,DT,12,1,0,0,0,,0,,,0,,,0,0,0,1,0,0,1.0,2,13,2,13.3,,HestTr00
628,Jaleel Johnson,24,MIN,DT,16,1,0,0,0,,0,,,0,,,0,0,0,1,0,0,0.5,2,13,0,0.0,,JohnJa09
629,Peter Kalambayi,23,HOU,LB,15,0,0,4,3,75.0,44,14.7,11.0,0,110.4,3.8,14,30,0,1,0,0,0.0,1,13,1,7.1,,KalaPe00
630,Emmanuel Lamur,29,OAK,LB,9,4,0,2,1,50.0,8,8.0,4.0,0,60.4,28.0,3,5,3,0,0,0,0.0,0,13,2,13.3,,LamuEm00
631,Tyquan Lewis,23,IND,LDE,8,6,0,1,1,100.0,12,12.0,12.0,0,116.7,9.0,9,3,0,5,4,0,2.0,11,13,0,0.0,,LewiTy00
632,Jalen Reeves-Maybin,23,DET,LB,9,0,0,3,1,33.3,0,0.0,0.0,0,42.4,11.7,0,0,1,0,0,0,0.0,0,13,3,18.8,,ReevJa00
633,Connor Barwin,32,NYG,LB,15,3,0,2,1,50.0,13,13.0,6.5,0,70.8,2.0,-1,14,23,1,3,0,1.0,5,12,0,0.0,,BarwCo99
634,Chris Board,23,BAL,LB,16,0,0,0,0,,0,,,0,,,0,0,3,0,0,0,0.0,0,12,0,0.0,,BoarCh00
635,Shilique Calhoun,26,OAK,DE,7,0,0,0,0,,0,,,0,,,0,0,0,4,0,0,0.0,4,12,0,0.0,,CalhSh00
636,Nick DeLuca,23,JAX,LB,9,2,0,4,3,75.0,19,6.3,4.8,1,124.0,2.3,8,11,8,1,0,0,1.0,2,12,1,7.7,,DeLuNi00
637,Jourdan Lewis,23,DAL,DB,15,1,1,19,13,68.4,96,7.4,5.1,0,58.2,6.1,30,66,8,1,0,0,0.0,1,12,1,7.7,,LewiJo01
638,Corey Moore,25,IND,DB,15,0,1,2,2,100.0,49,24.5,24.5,0,79.2,23.0,46,3,0,0,0,0,0.0,0,12,1,7.7,,MoorCo00
639,Olsen Pierre,27,ARI,DE,10,1,0,0,0,,0,,,0,,,0,0,0,1,1,0,0.0,2,12,2,14.3,,PierOl00
640,KeiVarae Russell,25,CIN,DB,7,1,0,15,11,73.3,136,12.4,9.1,1,123.2,8.5,83,53,0,0,0,0,0.0,0,12,2,14.3,,RussKe00
641,Dymonte Thomas,25,DEN,DB,12,0,1,2,0,0.0,0,,0.0,0,0.0,23.5,0,0,2,0,0,0,1.0,1,12,0,0.0,,ThomDy01
642,Josh Shaw,26,2TM,DB,8,0,0,7,6,85.7,79,13.2,11.3,0,113.7,10.3,62,17,0,0,0,0,0.0,0,12,1,7.7,,ShawJo00
642,Josh Shaw,26,KAN,DB,4,0,0,4,3,75.0,55,18.3,13.8,0,116.7,13.0,42,13,0,0,0,0,0.0,0,4,0,0.0,,ShawJo00
642,Josh Shaw,26,TAM,DB,4,0,0,3,3,100.0,24,8.0,8.0,0,100.0,6.7,20,4,0,0,0,0,0.0,0,8,1,11.1,,ShawJo00
643,Walt Aikens,27,MIA,DB,16,1,1,4,2,50.0,49,24.5,12.3,1,94.8,22.8,34,15,0,0,0,0,0.0,0,11,1,8.3,,AikeWa00
644,Ezekiel Ansah,29,DET,DE,7,2,0,0,0,,0,,,0,,,0,0,0,2,3,0,4.0,9,11,1,8.3,,AnsaEz00
645,Eric Berry,30,KAN,DB,2,2,0,5,4,80.0,78,19.5,15.6,0,118.7,15.0,73,5,2,1,0,0,0.0,1,11,1,8.3,,BerrEr99
646,Tyus Bowser,23,BAL,LB,15,0,0,2,1,50.0,-1,-1.0,-0.5,0,56.2,9.0,-5,4,11,3,0,0,0.5,4,11,0,0.0,,BowsTy00
647,Adrian Clayborn,30,NWE,DE,14,1,0,0,0,,0,,,0,,,0,0,1,8,8,0,2.5,20,11,3,21.4,,ClayAd00
648,Dane Cruikshank,23,TEN,DB,12,0,0,2,2,100.0,3,1.5,1.5,0,79.2,-2.5,-5,8,0,0,0,0,0.0,0,11,1,8.3,,CruiDa00
649,Sheldon Day,24,SFO,DT,12,0,0,0,0,,0,,,0,,,0,0,0,9,1,0,2.0,12,11,1,8.3,,DayxSh00
650,Ryan Glasgow,25,CIN,DT,3,0,0,0,0,,0,,,0,,,0,0,0,1,1,0,0.0,2,11,1,8.3,,GlasRy00
651,Shaquem Griffin,23,SEA,LB,16,1,0,5,4,80.0,81,20.3,16.2,1,158.3,4.8,8,73,0,0,0,0,0.0,0,11,1,8.3,,GrifSh01
652,Pernell McPhee,30,WAS,DE,13,0,0,2,2,100.0,6,3.0,3.0,0,79.2,-2.5,-5,11,7,4,3,0,0.0,7,11,2,15.4,,McPhPe00
653,Rontez Miles,30,NYJ,DB,8,1,0,1,1,100.0,8,8.0,8.0,0,100.0,6.0,6,2,0,0,0,0,0.0,0,11,0,0.0,,MileRo00
654,Siran Neal,24,BUF,DB,16,0,0,0,0,,0,,,0,,,0,0,1,0,0,0,1.0,1,11,0,0.0,,NealSi00
655,Brian Price,24,CLE,DT,12,0,0,0,0,,0,,,0,,,0,0,0,0,0,0,0.0,0,11,1,8.3,,PricBr00
656,Brandon Wilson,24,CIN,RB,16,0,0,2,2,100.0,32,16.0,16.0,0,118.7,5.0,10,22,0,0,0,0,0.0,0,11,0,0.0,,WilsBr01
657,Johnson Bademosi,28,HOU,DB,16,0,0,1,1,100.0,8,8.0,8.0,0,100.0,6.0,6,2,0,0,0,0,0.0,0,10,0,0.0,,BadeJo00
658,Chris Banjo,28,NOR,DB,16,0,2,5,2,40.0,70,35.0,14.0,1,87.5,24.6,48,22,2,0,0,0,0.0,0,10,1,9.1,,BanjCh00
659,Daren Bates,28,TEN,LB,16,0,0,4,4,100.0,54,13.5,13.5,0,118.7,9.3,37,17,2,0,0,0,0.0,0,10,0,0.0,,BateDa00
660,Terrence Brooks,26,NYJ,DB,16,0,0,3,0,0.0,0,,0.0,0,39.6,25.0,0,0,1,0,0,0,0.0,0,10,2,16.7,,BrooTe00
661,Kentrell Brothers,25,MIN,LB,12,0,0,1,0,0.0,0,,0.0,0,39.6,8.0,0,0,1,0,0,0,1.0,1,10,0,0.0,,BrotKe00
662,Bryan Cox Jr.,24,CAR,DE,11,0,0,3,1,33.3,11,11.0,3.7,0,45.1,6.0,10,1,0,1,1,0,0.0,2,10,2,16.7,,CoxxBr01
663,Cody Davis,29,JAX,DB,16,0,0,0,0,,0,,,0,,,0,0,0,0,0,0,0.0,0,10,1,9.1,,DaviCo02
664,John Franklin-Myers,22,LAR,DT,16,0,0,0,0,,0,,,0,,,0,0,0,11,4,0,2.0,17,10,0,0.0,,FranJo02
665,William Gholston,27,TAM,DE,16,2,0,0,0,,0,,,0,,,0,0,1,1,4,0,1.0,6,10,0,0.0,,GholWi00
666,Nicholas Grigsby,26,NWE,LB,9,0,0,2,1,50.0,10,10.0,5.0,0,64.6,1.0,-1,11,2,0,1,0,0.0,1,10,1,9.1,,GrigNi01
667,Eli Harold,24,DET,DE,13,0,0,1,0,0.0,0,,0.0,0,39.6,-5.0,0,0,22,0,1,0,4.0,5,10,0,0.0,,HaroEl00
668,De'Vante Harris,25,TAM,DB,10,1,0,11,6,54.5,73,12.2,6.6,0,75.2,11.5,39,34,0,0,0,0,0.0,0,10,2,16.7,,HarrDe04
669,DeAndre Houston-Carson,25,CHI,DB,13,0,0,3,2,66.7,18,9.0,6.0,0,82.6,4.7,11,7,2,0,1,0,0.0,1,10,0,0.0,,HousDe00
670,Branden Jackson,26,SEA,DE,9,1,0,1,1,100.0,-6,-6.0,-6.0,0,79.2,-6.0,-6,0,0,4,0,0,1.0,5,10,2,16.7,,JackBr04
671,Leonard Johnson,28,ARI,DB,6,1,0,11,11,100.0,133,12.1,12.1,0,117.0,7.6,84,49,6,1,0,0,0.0,1,10,2,16.7,,JohnLe03
672,Jacob Martin,23,SEA,DE,16,0,0,1,1,100.0,23,23.0,23.0,0,118.7,16.0,16,7,0,5,5,0,3.0,13,10,1,9.1,,MartJa02
673,Rodney McLeod,28,PHI,DB,3,3,0,10,4,40.0,31,7.8,3.1,0,48.3,8.1,19,12,5,0,0,0,0.0,0,10,2,16.7,,McLeRo00
674,Christopher Milton,26,IND,DB,15,0,0,6,4,66.7,56,14.0,9.3,2,136.1,14.5,39,17,0,0,0,0,0.0,0,10,2,16.7,,MiltCh00
675,Kevin Minter,28,TAM,LB,5,0,0,2,1,50.0,11,11.0,5.5,0,66.7,5.0,5,6,1,0,0,0,1.0,1,10,1,9.1,,MintKe00
676,Ben Niemann,23,KAN,LB,14,1,0,3,3,100.0,49,16.3,16.3,0,118.7,7.0,21,28,0,0,0,0,0.0,0,10,0,0.0,,NiemBe00
677,Shane Ray,25,DEN,DE,11,0,0,4,3,75.0,40,13.3,10.0,0,106.2,4.3,6,34,17,3,0,0,1.0,4,10,0,0.0,,RayxSh00
678,Caraun Reid,27,DAL,DT,10,1,0,0,0,,0,,,0,,,0,0,0,1,2,0,0.5,4,10,0,0.0,,ReidCa00
679,Christian Ringo,26,CIN,DE,5,0,0,1,1,100.0,12,12.0,12.0,0,116.7,-3.0,-3,15,0,0,1,0,1.5,3,10,0,0.0,,RingCh00
680,Eric Rowe,26,NWE,DB,4,2,0,12,6,50.0,106,17.7,8.8,2,120.1,13.3,79,27,3,1,0,0,0.0,1,10,0,0.0,,RoweEr00
681,Derrick Shelby,29,ATL,DE,7,3,0,0,0,,0,,,0,,,0,0,0,2,0,0,0.0,2,10,0,0.0,,ShelDe00
682,Zach Vigil,27,WAS,LB,14,0,0,4,3,75.0,15,5.0,3.8,0,80.2,3.0,10,5,1,0,0,0,0.0,0,10,1,9.1,,VigiZa00
683,Brandon Williams,26,ARI,DB,16,0,0,7,4,57.1,80,20.0,11.4,1,136.9,13.4,47,33,0,0,0,0,0.0,0,10,2,16.7,,WillBr07
684,Tim Williams,25,BAL,DE,7,0,0,0,0,,0,,,0,,,0,0,2,5,0,0,2.0,7,10,0,0.0,,WillTi00
685,Jonathan Woodard,25,MIA,DE,6,0,0,0,0,,0,,,0,,,0,0,0,2,1,0,1.0,4,10,1,9.1,,WoodJo00
686,Cameron Malveaux,24,2TM,DE,9,0,0,0,0,,0,,,0,,,0,0,0,3,0,0,1.0,5,10,0,0.0,,MalvCa00
686,Cameron Malveaux,24,MIA,DE,5,0,0,0,0,,0,,,0,,,0,0,0,3,0,0,0.0,4,6,0,0.0,,MalvCa00
686,Cameron Malveaux,24,ARI,DE,4,0,0,0,0,,0,,,0,,,0,0,0,0,0,0,1.0,1,4,0,0.0,,MalvCa00
687,Jeremiah Attaochu,25,NYJ,LB,11,0,0,2,1,50.0,7,7.0,3.5,1,97.9,7.0,7,0,4,2,3,0,2.0,7,9,1,10.0,,AttaJe00
688,Blake Countess,25,LAR,DB,16,1,1,5,3,60.0,44,14.7,8.8,0,49.2,8.0,29,15,1,0,0,0,0.0,0,9,2,18.2,,CounBl00
689,Duke Ejiofor,23,HOU,DE,12,0,0,3,3,100.0,17,5.7,5.7,0,90.3,1.0,3,14,35,3,1,0,1.0,5,9,1,10.0,,EjioDu00
690,Rudy Ford,24,ARI,DB,13,1,0,1,1,100.0,13,13.0,13.0,0,118.7,4.0,4,9,0,0,0,0,0.0,0,9,2,18.2,,FordRu00
691,Rasheem Green,21,SEA,DE,10,0,0,0,0,,0,,,0,,,0,0,0,1,0,0,1.0,2,9,0,0.0,,GreeRa01
692,Mike Hull,27,MIA,LB,8,1,0,2,2,100.0,14,7.0,7.0,0,95.8,1.5,3,11,5,2,0,0,0.0,2,9,1,10.0,,HullMi01
693,Ramon Humber,31,BUF,LB,9,0,0,6,5,83.3,45,9.0,7.5,0,97.9,-0.8,2,43,4,0,0,0,0.0,0,9,1,10.0,,HumbRa00
694,Joel Iyiegbuniwe,23,CHI,LB,16,0,0,4,3,75.0,24,8.0,6.0,0,89.6,2.0,-5,29,4,0,0,0,0.0,0,9,0,0.0,,IyieJo00
695,Adam Jones,35,DEN,DB,7,2,1,20,11,55.0,122,11.1,6.1,1,69.2,8.2,42,80,0,0,0,0,0.0,0,9,4,30.8,,JonePa20
696,Shalom Luani,24,SEA,DB,12,0,0,1,1,100.0,3,3.0,3.0,0,79.2,3.0,3,0,1,0,1,0,0.0,1,9,0,0.0,,LuanSh00
697,Arthur Maulet,25,IND,DB,5,1,0,12,9,75.0,139,15.4,11.6,1,140.6,6.7,64,75,0,0,0,0,0.0,0,9,1,10.0,,MaulAr00
698,Lerentee McCray,28,JAX,LB,13,0,0,1,1,100.0,42,42.0,42.0,0,118.7,18.0,18,24,0,3,1,0,1.0,5,9,1,10.0,,McCrLe01
699,Stacy McGee,28,WAS,DT,8,1,0,0,0,,0,,,0,,,0,0,0,0,0,0,1.0,1,9,0,0.0,,McGeSt01
700,Tony McRae,25,CIN,DB,12,1,0,11,8,72.7,97,12.1,8.8,0,99.4,1.0,7,90,1,0,0,0,0.0,0,9,1,10.0,,McRaTo00
701,Brian Peters,30,HOU,LB,11,0,0,6,6,100.0,112,18.7,18.7,0,118.7,4.7,28,84,1,0,0,0,0.0,0,9,4,30.8,,PeteBr00
702,Lenzy Pipkins,25,IND,DB,1,1,0,4,3,75.0,23,7.7,5.8,0,88.5,0.5,-5,28,0,0,0,0,0.0,0,9,0,0.0,,PipkLe00
703,Lafayette Pitts,26,BUF,DB,16,0,0,5,3,60.0,31,10.3,6.2,0,77.9,11.6,2,29,0,0,0,0,0.0,0,9,1,10.0,,PittLa00
704,Josh Tupou,24,CIN,NT,6,0,0,0,0,,0,,,0,,,0,0,0,0,0,0,0.0,0,9,2,18.2,,TupoJo00
705,Cornell Armstrong,23,MIA,DB,15,0,0,8,6,75.0,57,9.5,7.1,1,133.9,7.0,56,1,0,0,0,0,0.0,0,8,0,0.0,,ArmsCo00
706,Tarell Basham,24,NYJ,DE,10,1,0,0,0,,0,,,0,,,0,0,3,1,2,0,0.0,3,8,0,0.0,,BashTa00
707,James Burgess,24,CLE,LB,3,2,0,4,2,50.0,21,10.5,5.3,0,65.6,5.0,9,12,9,2,0,0,0.0,2,8,4,33.3,,BurgJa01
708,Deon Bush,25,CHI,DB,15,2,0,7,3,42.9,32,10.7,4.6,0,56.8,6.9,27,5,0,0,0,0,1.0,1,8,0,0.0,,BushDe00
709,Trey Hendrickson,24,NOR,LB,5,0,0,0,0,,0,,,0,,,0,0,0,5,4,0,0.0,9,8,0,0.0,,HendTr00
710,Isaiah Irving,24,CHI,LB,13,0,0,0,0,,0,,,0,,,0,0,3,3,2,0,1.0,6,8,0,0.0,,IrviIs00
711,Deon Lacey,28,BUF,LB,16,0,0,1,0,0.0,0,,0.0,0,39.6,-7.0,0,0,0,0,0,0,0.0,0,8,0,0.0,,LaceDe00
712,Quenton Meeks,21,JAX,DB,8,1,0,5,2,40.0,44,22.0,8.8,0,72.1,11.4,31,13,0,0,0,0,0.0,0,8,1,11.1,,MeekQu00
713,Efe Obada,26,CAR,DE,10,0,1,1,1,100.0,15,15.0,15.0,1,118.7,3.0,3,12,0,4,4,0,2.0,10,8,0,0.0,,ObadEf00
714,Rashard Robinson,23,NYJ,DB,10,1,0,9,8,88.9,126,15.8,14.0,1,155.8,9.8,88,38,1,0,0,0,0.0,0,8,1,11.1,,RobiRa00
715,Dominique Rodgers-Cromartie,32,OAK,DB,7,1,0,14,6,42.9,42,7.0,3.0,0,50.3,9.4,17,25,1,0,0,0,0.0,0,8,4,33.3,,RodgDo99
716,Tim Settle,21,WAS,DT,16,0,0,0,0,,0,,,0,,,0,0,0,2,0,0,0.0,2,8,2,20.0,,SettTi00
717,Taylor Stallworth,23,NOR,DT,14,0,0,1,0,0.0,13,,13.0,0,79.2,6.0,6,7,0,0,0,0,1.0,1,8,0,0.0,,StalTa00
718,Tavierre Thomas,22,CLE,DB,13,0,0,3,2,66.7,25,12.5,8.3,0,92.4,3.3,10,15,0,0,0,0,0.0,0,8,1,11.1,,ThomTa01
719,Ethan Westbrooks,28,LAR,DE,16,0,0,0,0,,0,,,0,,,0,0,0,0,0,0,1.0,1,8,0,0.0,,WestEt00
720,Jamal Agnew,23,DET,DB,6,0,0,12,9,75.0,133,14.8,11.1,0,110.8,10.2,82,51,1,1,0,0,0.0,1,7,2,22.2,,AgneJa00
721,Jordan Dangerfield,28,PIT,DB,16,1,0,1,1,100.0,10,10.0,10.0,0,108.3,10.0,10,0,0,0,0,0,0.0,0,7,1,12.5,,DangJo00
722,Ukeme Eligwe,24,NYG,LB,10,0,0,4,4,100.0,23,5.8,5.8,0,90.6,2.5,10,13,5,1,0,0,0.0,1,7,0,0.0,,EligUk00
723,Vernon Hargreaves III,23,TAM,DB,1,1,0,7,5,71.4,59,11.8,8.4,0,96.7,8.7,46,13,1,0,0,0,0.0,0,7,0,0.0,,HargVe00
724,Natrell Jamerson,23,HOU,DB,10,0,0,8,5,62.5,121,24.2,15.1,0,106.2,16.6,86,35,0,0,0,0,0.0,0,7,3,30.0,,JameNa00
725,Cyrus Jones,25,BAL,DB,11,0,0,1,0,0.0,0,,0.0,0,39.6,7.0,0,0,0,0,0,0,0.0,0,7,0,0.0,,JoneCy00
726,Nazair Jones,24,SEA,DT,9,0,0,0,0,,0,,,0,,,0,0,0,1,2,0,0.0,3,7,0,0.0,,JoneNa00
727,Kevin Pierre-Louis,27,NYJ,LB,9,0,0,3,2,66.7,18,9.0,6.0,0,82.6,10.0,17,1,3,0,1,0,1.0,2,7,1,12.5,,PierKe00
728,Eddie Pleasant,30,GNB,DB,5,1,0,7,6,85.7,75,12.5,10.7,0,111.3,11.9,56,19,8,2,0,0,0.0,2,7,3,30.0,,PleaEd00
729,Chandon Sullivan,22,PHI,DB,5,1,0,7,6,85.7,117,19.5,16.7,0,118.7,12.7,85,32,0,0,0,0,0.0,0,7,3,30.0,,SullCh00
730,Jullian Taylor,23,SFO,DT,6,0,0,0,0,,0,,,0,,,0,0,0,0,1,0,0.0,1,7,0,0.0,,TaylJu00
731,Shamarko Thomas,27,DEN,DB,6,0,0,1,1,100.0,4,4.0,4.0,1,122.9,4.0,4,0,0,0,0,0,0.0,0,7,0,0.0,,ThomSh00
732,Neiko Thorpe,28,SEA,DB,12,0,0,4,2,50.0,21,10.5,5.3,0,65.6,18.3,9,12,0,0,0,0,0.0,0,7,0,0.0,,ThorNe00
733,J.J. Wilcox,27,2TM,DB,7,0,0,4,2,50.0,7,3.5,1.8,0,56.2,1.3,5,2,7,0,0,0,0.0,0,7,0,0.0,,WilcJ.00
733,J.J. Wilcox,27,NYJ,DB,5,0,0,1,1,100.0,2,2.0,2.0,0,79.2,0.0,0,2,4,0,0,0,0.0,0,3,0,0.0,,WilcJ.00
733,J.J. Wilcox,27,IND,DB,2,0,0,3,1,33.3,5,5.0,1.7,0,42.4,1.7,5,0,3,0,0,0,0.0,0,4,0,0.0,,WilcJ.00
734,Tashawn Bower,23,MIN,DE,5,0,0,0,0,,0,,,0,,,0,0,0,1,0,0,0.0,1,6,1,14.3,,BoweTa00
735,Brock Coyle,28,SFO,LB,1,1,0,5,3,60.0,40,13.3,8.0,0,85.4,-0.6,-2,42,3,1,0,0,0.0,1,6,1,14.3,,CoylBr00
736,Jalen Davis,22,MIA,DB,3,0,0,5,3,60.0,28,9.3,5.6,0,75.4,5.6,14,14,2,0,1,0,1.0,2,6,1,14.3,,DaviJa06
737,Keionta Davis,24,NWE,DE,6,3,0,0,0,,0,,,0,,,0,0,1,2,2,0,0.0,4,6,2,25.0,,DaviKe03
738,Donte Deayon,24,NYG,DB,4,0,0,10,5,50.0,61,12.2,6.1,0,69.2,9.3,50,11,0,0,0,0,0.0,0,6,3,33.3,,DeayDo01
739,Jeff Holland,23,DEN,LB,3,0,0,0,0,,0,,,0,,,0,0,6,0,0,0,0.0,0,6,0,0.0,,HollJe01
740,Evander Hood,31,MIA,DT,8,0,0,0,0,,0,,,0,,,0,0,0,3,0,0,0.0,3,6,1,14.3,,HoodEv99
741,Kerry Hyder,27,DET,DE,7,0,0,0,0,,0,,,0,,,0,0,0,0,1,0,1.0,2,6,2,25.0,,HydeKe01
742,Chris Landrum,26,LAC,LB,7,0,0,0,0,,0,,,0,,,0,0,2,0,2,0,0.0,2,6,0,0.0,,LandCh00
743,Justin Lawler,24,LAR,DE,16,0,0,6,5,83.3,23,4.6,3.8,0,82.6,-1.3,-10,33,2,0,0,0,0.0,0,6,0,0.0,,LawlJu00
744,Carl Lawson,23,CIN,LB,7,0,0,1,0,0.0,0,,0.0,0,39.6,-5.0,0,0,0,9,4,0,1.0,14,6,0,0.0,,LawsCa00
745,Eric Lee,24,DET,LB,9,0,0,0,0,,0,,,0,,,0,0,0,2,0,0,0.0,2,6,2,25.0,,LeexEr00
746,Tyvis Powell,24,SFO,DB,7,1,0,8,7,87.5,86,12.3,10.8,2,151.0,5.3,31,55,2,0,0,0,0.0,0,6,0,0.0,,PoweTy01
747,Hassan Ridgeway,24,IND,DT,5,0,0,1,1,100.0,-1,-1.0,-1.0,0,79.2,-5.0,-5,4,0,0,0,0,0.0,0,6,1,14.3,,RidgHa00
748,Josh Robinson,27,NOR,DB,11,0,0,2,1,50.0,9,9.0,4.5,0,62.5,5.5,6,3,1,0,0,0,0.0,0,6,0,0.0,,RobiJo01
749,Patrick Robinson,31,NOR,DB,3,1,0,5,3,60.0,12,4.0,2.4,0,64.6,1.6,3,9,1,0,0,0,0.0,0,6,0,0.0,,RobiPa99
750,Adolphus Washington,24,CIN,DT,4,0,0,0,0,,0,,,0,,,0,0,0,0,1,0,1.0,2,6,0,0.0,,WashAd00
751,Dekoda Watson,30,SFO,LB,4,0,0,0,0,,0,,,0,,,0,0,3,1,0,0,2.0,4,6,0,0.0,,WatsDe99
752,Anthony Averett,24,BAL,DB,11,0,0,4,1,25.0,18,18.0,4.5,0,45.8,23.0,12,6,0,0,0,0,0.0,0,5,0,0.0,,AverAn00
753,Maurice Canady,24,BAL,DB,7,0,0,2,2,100.0,24,12.0,12.0,0,116.7,12.0,24,0,0,0,0,0,0.0,0,5,0,0.0,,CanaMa00
754,Raven Greene,23,GNB,DB,8,0,0,2,1,50.0,0,0.0,0.0,0,56.2,13.0,0,0,4,0,0,0,1.0,1,5,0,0.0,,GreeRa02
755,Josh Keyes,25,HOU,LB,3,0,0,2,2,100.0,35,17.5,17.5,0,118.7,9.0,18,17,0,0,0,0,0.0,0,5,0,0.0,,KeyeJo00
756,Darius Kilgo,27,TEN,DE,11,0,0,0,0,,0,,,0,,,0,0,0,0,0,0,0.0,0,5,3,37.5,,KilgDa01
757,Mike Love,24,BUF,DE,3,0,0,0,0,,0,,,0,,,0,0,0,1,0,0,0.0,1,5,0,0.0,,LoveMi00
758,Dean Marlowe,26,BUF,DB,2,1,0,3,1,33.3,4,4.0,1.3,0,42.4,13.3,4,0,2,0,0,0,0.0,0,5,0,0.0,,MarlDe00
759,Daniel McCullers,26,PIT,DT,15,1,0,0,0,,0,,,0,,,0,0,0,0,0,0,1.0,2,5,1,16.7,,McCuDa00
760,Dexter McDougle,27,PHI,DB,2,1,0,9,6,66.7,74,12.3,8.2,0,91.9,6.1,41,33,3,0,1,0,0.0,1,5,3,37.5,,McDoDe00
761,R.J. McIntosh,22,NYG,DT,6,0,0,0,0,,0,,,0,,,0,0,0,0,1,0,0.0,1,5,0,0.0,,McInR.00
762,Da'Norris Searcy,30,CAR,DB,2,2,0,3,2,66.7,24,12.0,8.0,0,91.0,14.3,11,13,0,0,0,0,0.0,0,5,0,0.0,,SearDa00
763,Maurice Smith,23,MIA,DB,7,0,0,4,3,75.0,46,15.3,11.5,0,112.5,16.8,23,23,0,0,0,0,0.0,0,5,3,37.5,,SmitMa04
764,Tremon Smith,22,KAN,DB,14,1,0,7,4,57.1,76,19.0,10.9,0,94.9,14.3,51,25,0,0,0,0,0.0,0,5,2,28.6,,SmitTr04
765,Cordrea Tankersley,25,MIA,DB,6,0,0,3,3,100.0,42,14.0,14.0,0,118.7,10.7,32,10,0,0,0,0,0.0,0,5,1,16.7,,TankCo00
766,Michael Tyson,25,HOU,DB,10,2,0,2,0,0.0,0,,0.0,0,39.6,12.0,0,0,2,0,0,0,0.0,0,5,1,16.7,,TysoMi00
767,Armani Watts,22,KAN,DB,5,0,0,2,1,50.0,7,7.0,3.5,0,58.3,-1.0,-5,12,5,0,1,0,1.0,2,5,1,16.7,,WattAr00
768,Muhammad Wilkerson,29,GNB,DT,3,3,0,0,0,,0,,,0,,,0,0,0,5,0,0,0.0,5,5,0,0.0,,WilkMu00
769,Adonis Alexander,22,WAS,DB,9,0,0,2,1,50.0,6,6.0,3.0,0,56.2,1.5,0,6,0,0,0,0,0.0,0,4,1,20.0,,AlexAd00
770,Deante Burton,24,HOU,WR,2,0,0,6,6,100.0,64,10.7,10.7,0,111.1,8.0,48,16,0,0,0,0,0.0,0,4,0,0.0,,BurtDe00
771,Jack Cichy,23,TAM,LB,6,0,0,1,1,100.0,7,7.0,7.0,0,95.8,7.0,7,0,0,0,0,0,0.0,0,4,0,0.0,,CichJa00
772,Benny Cunningham,28,CHI,RB,15,0,0,1,1,100.0,7,7.0,7.0,0,95.8,2.0,2,5,0,0,0,0,0.0,0,4,0,0.0,,CunnBe01
773,Dominique Easley,26,LAR,DT,3,3,0,0,0,,0,,,0,,,0,0,1,3,0,0,0.0,3,4,0,0.0,,EaslDo00
774,William Hayes,33,MIA,DE,3,0,0,0,0,,0,,,0,,,0,0,0,0,0,0,2.0,2,4,0,0.0,,HayeWi99
775,Marquis Haynes,25,CAR,LB,4,0,0,0,0,,0,,,0,,,0,0,0,1,0,0,0.0,1,4,1,20.0,,HaynMa01
776,David Irving,25,DAL,DT,2,0,0,0,0,,0,,,0,,,0,0,0,1,1,0,1.0,3,4,1,20.0,,IrviDa00
777,Kevin Johnson,26,HOU,DB,1,1,0,5,4,80.0,40,10.0,8.0,2,139.6,5.0,18,22,0,0,0,0,0.0,0,4,3,42.9,,JohnKe04
778,Micah Kiser,23,LAR,LB,16,0,0,1,1,100.0,23,23.0,23.0,0,118.7,-2.0,-2,25,0,0,0,0,0.0,0,4,0,0.0,,KiseMi00
779,Tanoh Kpassagnon,24,KAN,DE,13,0,0,1,0,0.0,0,,0.0,0,39.6,0.0,0,0,2,0,1,0,0.0,1,4,0,0.0,,KpasTa00
780,Cameron Lynch,25,TAM,LB,16,0,0,0,0,,0,,,0,,,0,0,1,0,0,0,0.0,0,4,0,0.0,,LyncCa00
781,Justin March,25,DAL,LB,16,0,0,0,0,,0,,,0,,,0,0,1,0,0,0,0.0,0,4,0,0.0,,MarcJu00
782,Skai Moore,23,IND,LB,9,1,0,0,0,,0,,,0,,,0,0,2,1,0,0,0.0,1,4,0,0.0,,MoorSk00
783,David Parry,26,MIN,NT,3,0,0,0,0,,0,,,0,,,0,0,0,1,0,0,1.0,2,4,0,0.0,,ParrDa00
784,Charone Peake,26,NYJ,WR,13,0,0,1,1,100.0,15,15.0,15.0,0,118.7,8.0,8,7,0,0,0,0,0.0,0,4,0,0.0,,PeakCh00
785,Patrick Ricard,24,BAL,DT/FB,10,2,0,0,0,,0,,,0,,,0,0,0,1,1,0,0.0,2,4,0,0.0,,RicaPa00
786,Dawuane Smoot,23,JAX,DE,8,0,0,1,0,0.0,0,,0.0,0,39.6,1.0,0,0,0,2,3,0,0.0,5,4,0,0.0,,SmooDa00
787,Matthew Thomas,23,PIT,LB,10,0,0,1,0,0.0,8,,8.0,0,60.4,7.0,7,1,0,0,0,0,0.0,0,4,0,0.0,,ThomMa00
788,DeMarcus Walker,24,DEN,DE,3,0,0,0,0,,0,,,0,,,0,0,0,0,0,0,1.0,1,4,0,0.0,,WalkDe03
789,Jihad Ward,24,IND,DE,6,0,0,0,0,,0,,,0,,,0,0,0,1,1,0,3.0,5,4,1,20.0,,WardJi02
790,Blidi Wreh-Wilson,29,ATL,DB,3,0,0,4,1,25.0,11,11.0,2.8,0,39.6,17.3,3,8,0,0,0,0,0.0,0,4,0,0.0,,WrehBl00
791,Marcus Williams,27,2TM,DB,5,0,0,6,4,66.7,40,10.0,6.7,0,85.4,19.5,40,0,0,0,0,0,0.0,0,4,0,0.0,,WillMa03
791,Marcus Williams,27,TAM,DB,2,0,0,3,3,100.0,36,12.0,12.0,0,116.7,12.0,36,0,0,0,0,0,0.0,0,3,0,0.0,,WillMa03
791,Marcus Williams,27,CHI,DB,3,0,0,3,1,33.3,4,4.0,1.3,0,42.4,27.0,4,0,0,0,0,0,0.0,0,1,0,0.0,,WillMa03
792,Nat Berhe,27,PIT,DB,4,0,0,4,4,100.0,42,10.5,10.5,0,110.4,8.0,32,10,1,0,0,0,0.0,0,3,1,25.0,,BerhNa00
793,Matt Dickerson,23,TEN,DT,3,0,0,0,0,,0,,,0,,,0,0,0,1,0,0,0.0,1,3,0,0.0,,DickMa00
794,Vontarrius Dora,26,ARI,LB,3,0,0,0,0,,0,,,0,,,0,0,0,1,1,0,0.0,2,3,1,25.0,,DoraVo00
795,Corn Elder,24,CAR,DB,13,0,0,6,5,83.3,96,19.2,16.0,1,158.3,13.5,64,32,0,0,0,0,0.0,0,3,2,40.0,,EldeCo00
796,Daeshon Hall,23,PHI,DE,3,0,0,0,0,,0,,,0,,,0,0,0,0,0,0,0.5,1,3,0,0.0,,HallDa01
797,Willie Henry,24,BAL,DT,3,0,0,0,0,,0,,,0,,,0,0,0,1,0,0,1.0,2,3,1,25.0,,HenrWi00
798,Jalyn Holmes,22,MIN,DE,5,0,0,1,1,100.0,7,7.0,7.0,0,95.8,5.0,5,2,0,0,0,0,1.0,1,3,0,0.0,,HolmJa01
799,Tre'von Johnson,23,LAC,LB,4,0,0,0,0,,0,,,0,,,0,0,0,0,0,0,0.0,0,3,1,25.0,,JohnTr07
800,Derrick Jones,24,NYJ,DB,1,0,0,4,3,75.0,18,6.0,4.5,0,83.3,4.8,10,8,0,0,0,0,0.0,0,3,1,25.0,,JoneDe02
801,Kenny Ladler,26,NYG,DB,3,0,0,2,2,100.0,26,13.0,13.0,0,118.7,7.0,14,12,1,0,1,0,0.0,1,3,1,25.0,,LadlKe00
802,Albert McClellan,32,BAL,LB,6,1,0,2,1,50.0,9,9.0,4.5,0,62.5,10.0,8,1,1,0,0,0,0.0,0,3,0,0.0,,McClAl00
803,T.Y. McGill,26,PHI,DT,2,0,0,0,0,,0,,,0,,,0,0,0,0,1,0,0.0,1,3,0,0.0,,McGiT.00
804,Obi Melifonwu,24,NWE,DB,2,0,0,1,1,100.0,5,5.0,5.0,0,87.5,5.0,5,0,2,0,0,0,0.0,0,3,0,0.0,,MeliOb00
805,Denzel Rice,25,CLE,DB,8,0,1,3,2,66.7,31,15.5,10.3,0,61.1,17.0,22,9,0,0,0,0,0.0,0,3,0,0.0,,RiceDe00
806,Andre Smith,21,CAR,LB,3,0,0,1,1,100.0,6,6.0,6.0,0,91.7,3.0,3,3,0,0,0,0,0.0,0,3,1,25.0,,SmitAn04
807,Noah Spence,24,TAM,LB,12,0,0,0,0,,0,,,0,,,0,0,0,0,1,0,0.0,1,3,0,0.0,,SpenNo00
808,Pita Taumoepenu,24,SFO,LB,4,0,0,1,1,100.0,5,5.0,5.0,0,87.5,2.0,2,3,0,0,0,0,0.0,0,3,0,0.0,,TaumPi00
809,Korey Toomer,30,GNB,LB,7,0,0,1,1,100.0,24,24.0,24.0,0,118.7,9.0,9,15,1,0,0,0,0.0,0,3,0,0.0,,ToomKo00
810,Carlos Watkins,25,HOU,DT,4,0,0,0,0,,0,,,0,,,0,0,0,0,0,0,1.0,1,3,0,0.0,,WatkCa00
811,Jerel Worthy,28,TAM,DT,4,0,0,0,0,,0,,,0,,,0,0,0,1,0,0,0.0,1,3,0,0.0,,WortJe00
812,Marcus Allen,22,PIT,DB,2,0,0,3,2,66.7,13,6.5,4.3,0,75.7,2.3,5,8,1,0,0,0,0.0,0,2,0,0.0,,AlleMa03
813,Kony Ealy,27,OAK,DE,3,0,0,0,0,,0,,,0,,,0,0,0,1,0,0,0.0,1,2,1,33.3,,EalyKo00
814,Marquis Flowers,26,DET,LB,5,0,0,0,0,,0,,,0,,,0,0,0,0,0,0,0.0,0,2,1,33.3,,FlowMa00
815,Bruce Hector,24,PHI,DT,8,0,0,0,0,,0,,,0,,,0,0,0,0,0,0,0.5,1,2,0,0.0,,HectBr00
816,Joshua Holsey,24,WAS,DB,1,0,0,4,3,75.0,29,9.7,7.3,0,94.8,3.0,-3,32,0,0,0,0,0.0,0,2,3,60.0,,HolsJo01
817,Davon House,29,GNB,DB,3,0,0,5,4,80.0,88,22.0,17.6,1,158.3,15.6,68,20,0,0,0,0,0.0,0,2,0,0.0,,HousDa00
818,Timmy Jernigan,26,PHI,DT,3,3,0,0,0,,0,,,0,,,0,0,1,0,0,0,0.0,0,2,0,0.0,,JernTi00
819,Lyndon Johnson,24,JAX,DE,3,0,0,0,0,,0,,,0,,,0,0,0,1,0,0,0.0,1,2,0,0.0,,JohnLy00
820,Keanu Neal,23,ATL,DB,1,1,0,2,1,50.0,7,7.0,3.5,0,58.3,23.0,5,2,0,0,0,0,0.0,0,2,0,0.0,,NealKe01
821,Jamiyus Pittman,24,MIA,DT,3,0,0,0,0,,0,,,0,,,0,0,0,1,0,0,0.0,1,2,0,0.0,,PittJa00
822,Derek Rivers,24,NWE,DE,6,0,0,0,0,,0,,,0,,,0,0,0,0,0,0,1.0,1,2,0,0.0,,RiveDe00
823,Destiny Vaeao,24,PHI,DT,6,3,0,0,0,,0,,,0,,,0,0,0,1,1,0,1.0,3,2,0,0.0,,VaeaDe01
824,Frank Zombo,31,KAN,LB,9,0,0,1,0,0.0,0,,0.0,0,39.6,1.0,0,0,0,0,0,0,0.0,0,2,0,0.0,,ZombFr00
825,Olasunkanmi Adeniyi,21,PIT,LB,1,0,0,0,0,,0,,,0,,,0,0,1,0,0,0,0.0,0,1,0,0.0,,AdenOl00
826,Caleb Brantley,24,WAS,DT,7,0,0,0,0,,0,,,0,,,0,0,0,0,0,0,0.0,0,1,2,66.7,,BranCa00
827,Marcus Cooper,28,DET,DB,4,0,0,2,1,50.0,0,0.0,0.0,0,56.2,12.5,-2,2,0,0,0,0,0.0,0,1,0,0.0,,CoopMa00
828,Vontae Davis,30,BUF,DB,1,1,0,3,3,100.0,34,11.3,11.3,1,153.5,7.3,22,12,0,0,0,0,0.0,0,1,0,0.0,,DaviVo99
829,C.J. Goodwin,28,DAL,DB,3,0,0,1,1,100.0,27,27.0,27.0,0,118.7,17.0,17,10,0,0,0,0,0.0,0,1,0,0.0,,GoodC.00
830,Dominique Hatfield,24,LAR,DB,10,0,0,1,0,0.0,0,,0.0,0,39.6,13.0,0,0,0,0,0,0,0.0,0,1,0,0.0,,HatfDo00
831,Isaiah Johnson,26,LAR,DB,2,0,0,0,0,,0,,,0,,,0,0,1,0,0,0,0.0,0,1,1,50.0,,JohnIs01
832,Tony Lippett,26,NYG,WR,3,0,0,5,2,40.0,62,31.0,12.4,0,87.1,12.4,39,23,0,0,0,0,0.0,0,1,0,0.0,,LippTo00
833,Damontre Moore,26,OAK,DE,2,0,0,1,1,100.0,1,1.0,1.0,1,118.7,1.0,1,0,1,0,1,0,0.0,1,1,0,0.0,,MoorDa01
834,Will Redmond,25,GNB,DB,5,0,0,0,0,,0,,,0,,,0,0,3,0,0,0,0.0,0,1,0,0.0,,RedmWi00
835,Josh Sweat,21,PHI,DE,9,0,0,0,0,,0,,,0,,,0,0,0,0,1,0,0.0,1,1,0,0.0,,SweaJo00
836,Ahmad Thomas,24,IND,DB,2,1,0,0,0,,0,,,0,,,0,0,0,1,0,0,0.0,1,1,0,0.0,,ThomAh00
837,Kayvon Webster,27,HOU,DB,2,2,0,1,0,0.0,0,,0.0,0,39.6,15.0,0,0,0,0,0,0,0.0,0,1,0,0.0,,WebsKa00
838,Gabe Wright,26,OAK,DT,2,0,0,0,0,,0,,,0,,,0,0,0,1,0,0,0.0,1,1,0,0.0,,WrigGa00
839,Ryan Delaire,26,SFO,DE,2,0,0,0,0,,0,,,0,,,0,0,0,0,1,0,0.0,1,0,0,,,DelaRy00
840,DeAndre Hopkins,26,HOU,WR,16,16,0,1,0,0.0,0,,0.0,0,39.6,53.0,0,0,0,0,0,0,0.0,0,0,0,,PBAP-1AP OPoY-3,HopkDe00
841,John Jenkins,29,NYG,DT,7,0,0,0,0,,0,,,0,,,0,0,0,0,1,0,0.0,1,0,0,,,JenkJo00
842,Datone Jones,28,DAL,DE,1,0,0,0,0,,0,,,0,,,0,0,0,0,1,0,0.0,1,0,0,,,JoneDa03
843,Bronson Kaufusi,27,NYJ,LB,3,0,0,0,0,,0,,,0,,,0,0,0,0,1,0,0.0,1,0,1,100.0,,KaufBr01