Rk,Player,Age,Team,Pos,G,GS,Att,Yds,1D,YBC,YBC/Att,YAC,YAC/Att,BrkTkl,Att/Br,Awards,-9999
1,Ezekiel Elliott,23,DAL,RB,15,15,304,1434,74,839,2.8,595,2.0,19,16.0,PBAP-2,ElliEz00
2,Saquon Barkley,21,NYG,RB,16,16,261,1307,50,571,2.2,736,2.8,30,8.7,PBAP ORoY-1,BarkSa00
3,David Johnson,27,ARI,RB,16,16,258,940,51,531,2.1,409,1.6,9,28.7,,JohnDa08
4,Todd Gurley,24,LAR,RB,14,14,256,1251,70,634,2.5,617,2.4,17,15.1,PBAP-1AP OPoY-3,GurlTo01
5,Adrian Peterson,33,WAS,RB,16,16,251,1042,47,572,2.3,470,1.9,20,12.6,AP CPoY-3,PeteAd01
6,Jordan Howard,24,CHI,RB,16,15,250,935,53,443,1.8,492,2.0,8,31.3,,HowaJo00
7,Chris Carson,24,SEA,RB,14,14,247,1151,61,556,2.3,595,2.4,23,10.7,,CarsCh00
8,Joe Mixon,22,CIN,RB,14,13,237,1168,60,634,2.7,534,2.3,6,39.5,,MixoJo00
9,Peyton Barber,24,TAM,RB,16,16,234,871,41,424,1.8,447,1.9,20,11.7,,BarbPe01
10,Christian McCaffrey,22,CAR,RB,16,16,219,1098,53,633,2.9,465,2.1,15,14.6,AP-2,McCaCh01
11,James Conner,23,PIT,RB,13,12,215,973,56,522,2.4,451,2.1,20,10.8,PB,ConnJa00
12,Derrick Henry,24,TEN,RB,16,12,215,1059,50,403,1.9,656,3.1,34,6.3,,HenrDe00
13,Lamar Miller,27,HOU,RB,14,14,210,973,36,472,2.2,501,2.4,11,19.1,PB,MillLa01
14,Sony Michel,23,NWE,RB,13,8,209,931,54,497,2.4,434,2.1,11,19.0,,MichSo00
15,Marlon Mack,22,IND,RB,12,10,195,908,50,490,2.5,418,2.1,10,19.5,,MackMa00
16,Alvin Kamara,23,NOR,RB,15,13,194,883,57,464,2.4,419,2.2,21,9.2,PB,KamaAl00
17,Nick Chubb,23,CLE,RB,16,9,192,996,47,398,2.1,598,3.1,22,8.7,,ChubNi00
18,Phillip Lindsay,24,DEN,RB,15,8,192,1037,49,737,3.8,300,1.6,10,19.2,PB,LindPh00
19,Kareem Hunt,23,KAN,RB,11,11,181,824,46,387,2.1,437,2.4,18,10.1,,HuntKa00
20,Melvin Gordon,25,LAC,RB,12,12,175,885,47,404,2.3,481,2.7,21,8.3,PB,GordMe00
21,Doug Martin,29,LVR,RB,16,9,172,723,37,376,2.2,347,2.0,10,17.2,,MartDo00
22,Carlos Hyde,28,2TM,RB,14,7,172,571,27,210,1.2,361,2.1,20,8.6,,HydeCa00
22,Carlos Hyde,28,CLE,RB,6,5,114,382,20,107,0.9,275,2.4,14,8.1,,HydeCa00
22,Carlos Hyde,28,JAX,RB,8,2,58,189,7,103,1.8,86,1.5,6,9.7,,HydeCa00
23,Tevin Coleman,25,ATL,RB,16,14,167,800,36,497,3.0,303,1.8,6,27.8,,ColeTe01
24,LeSean McCoy,30,BUF,RB,14,13,161,514,22,287,1.8,227,1.4,2,80.5,,McCoLe01
25,Frank Gore,35,MIA,RB,14,14,156,722,25,353,2.3,369,2.4,11,14.2,,GoreFr00
26,Dion Lewis,28,TEN,RB,16,7,155,517,22,259,1.7,258,1.7,16,9.7,,LewiDi00
27,LeGarrette Blount,32,DET,RB,16,8,154,418,25,170,1.1,248,1.6,7,22.0,,BlouLe00
28,Matt Breida,23,SFO,RB,14,13,153,814,36,496,3.2,318,2.1,12,12.8,,BreiMa00
29,Alfred Blue,27,HOU,RB,16,2,150,499,25,307,2.0,192,1.3,7,21.4,,BlueAl00
30,Lamar Jackson,21,BAL,QB,16,7,147,695,45,499,3.4,196,1.3,3,49.0,,JackLa00
31,Isaiah Crowell,25,NYJ,RB,13,6,143,685,26,299,2.1,386,2.7,12,11.9,,CrowIs00
32,Latavius Murray,28,MIN,RB,16,6,140,578,23,289,2.1,289,2.1,8,17.5,,MurrLa00
33,Mark Ingram,29,NOR,RB,12,6,138,645,34,274,2.0,371,2.7,18,7.7,,IngrMa01
34,Gus Edwards,23,BAL,RB,11,6,137,718,37,356,2.6,362,2.6,7,19.6,,EdwaGu00
35,Dalvin Cook,23,MIN,RB,11,10,133,615,22,352,2.6,263,2.0,10,13.3,,CookDa01
36,Leonard Fournette,23,JAX,RB,8,8,133,439,23,213,1.6,226,1.7,3,44.3,,FourLe00
37,Aaron Jones,24,GNB,RB,12,8,133,728,41,472,3.5,256,1.9,6,22.2,,JoneAa00
38,Royce Freeman,22,DEN,RB,14,8,130,521,30,194,1.5,327,2.5,16,8.1,,FreeRo00
39,Jamaal Williams,23,GNB,RB,16,8,121,464,25,231,1.9,233,1.9,5,24.2,,WillJa06
40,Josh Adams,22,PHI,RB,14,5,120,511,23,256,2.1,255,2.1,8,15.0,,AdamJo03
41,Kenyan Drake,24,MIA,RB,16,7,120,535,23,290,2.4,245,2.0,9,13.3,,DrakKe00
42,Kerryon Johnson,21,DET,RB,10,7,118,641,32,376,3.2,265,2.2,14,8.4,,JohnKe06
43,Chris Ivory,30,BUF,RB,13,1,115,385,25,116,1.0,269,2.3,8,14.4,,IvorCh00
44,Alex Collins,24,BAL,RB,10,10,114,411,22,193,1.7,218,1.9,10,11.4,,CollAl00
45,Mike Davis,25,SEA,RB,15,2,112,514,25,328,2.9,186,1.7,7,16.0,,DaviMi01
46,Alfred Morris,30,SFO,RB,12,1,111,428,24,211,1.9,217,2.0,9,12.3,,MorrAl00
47,Austin Ekeler,23,LAC,RB,14,3,106,554,25,206,1.9,348,3.3,9,11.8,,EkelAu00
48,T.J. Yeldon,25,JAX,RB,14,5,104,414,16,229,2.2,185,1.8,5,20.8,,YeldT.00
49,Cam Newton,29,CAR,QB,14,14,101,488,36,270,2.7,218,2.2,7,14.4,,NewtCa00
50,Tarik Cohen,23,CHI,RB,16,7,99,444,20,301,3.0,143,1.4,9,11.0,PBAP-1,CoheTa00
51,Deshaun Watson,23,HOU,QB,16,16,99,551,33,452,4.6,99,1.0,5,19.8,PB,WatsDe00
52,James White,26,NWE,RB,16,3,94,425,22,298,3.2,127,1.4,3,31.3,,WhitJa02
53,Elijah McGuire,24,NYJ,RB,8,3,92,276,15,100,1.1,176,1.9,5,18.4,,McGuEl00
54,Marshawn Lynch,32,LVR,RB,6,6,90,376,20,90,1.0,286,3.2,6,15.0,,LyncMa00
55,Ito Smith,23,ATL,RB,14,0,90,315,18,169,1.9,146,1.6,8,11.3,,SmitIt00
56,Josh Allen,22,BUF,QB,12,11,89,631,41,351,3.9,280,3.1,2,44.5,,AlleJo02
57,Wendell Smallwood,24,PHI,RB,16,6,87,364,22,186,2.1,178,2.0,5,17.4,,SmalWe00
58,Nyheim Hines,22,IND,RB,16,4,85,314,17,163,1.9,151,1.8,3,28.3,,HineNy00
59,Rashaad Penny,22,SEA,RB,14,0,85,419,18,271,3.2,148,1.7,7,12.1,,PennRa00
60,Bilal Powell,30,NYJ,RB,7,7,80,343,16,183,2.3,160,2.0,4,20.0,,PoweBi00
61,Dak Prescott,25,DAL,QB,16,16,75,305,25,186,2.5,119,1.6,2,37.5,PB,PresDa01
62,Corey Clement,24,PHI,RB,11,0,68,259,15,112,1.6,147,2.2,2,34.0,,ClemCo00
63,Mitchell Trubisky,24,CHI,QB,14,14,68,421,29,306,4.5,115,1.7,1,68.0,PB,TrubMi00
64,Russell Wilson,30,SEA,QB,16,16,67,376,23,305,4.6,71,1.1,3,22.3,PB,WilsRu00
65,C.J. Anderson,27,2TM,RB,11,3,67,403,21,188,2.8,215,3.2,1,67.0,,AndeC.00
65,C.J. Anderson,27,CAR,RB,9,1,24,104,3,68,2.8,36,1.5,0,,,AndeC.00
65,C.J. Anderson,27,LAR,RB,2,2,43,299,18,120,2.8,179,4.2,1,43.0,,AndeC.00
66,Jeff Wilson,23,SFO,RB,6,2,66,266,13,131,2.0,135,2.0,4,16.5,,WilsJe01
67,Marcus Mariota,25,TEN,QB,14,13,64,357,26,252,3.9,105,1.6,7,9.1,,MariMa01
68,Kenneth Dixon,24,BAL,RB,6,0,60,333,20,119,2.0,214,3.6,10,6.0,,DixoKe00
69,Chase Edmonds,22,ARI,RB,16,0,60,208,14,115,1.9,93,1.6,4,15.0,,EdmoCh00
70,Patrick Mahomes,23,KAN,QB,16,16,60,272,17,224,3.7,48,0.8,0,,PBAP-1AP MVP-1AP OPoY-1,MahoPa00
71,Jordan Wilkins,24,IND,RB,16,3,60,336,15,203,3.4,133,2.2,2,30.0,,WilkJo01
72,Blake Bortles,26,JAX,QB,13,12,58,365,28,288,5.0,77,1.3,2,29.0,,BortBl00
73,Rex Burkhead,28,NWE,RB,8,4,57,186,11,93,1.6,93,1.6,2,28.5,,BurkRe00
74,Giovani Bernard,27,CIN,RB,12,4,56,211,14,124,2.2,87,1.6,1,56.0,,BernGi00
75,Jaylen Samuels,22,PIT,RB,14,3,56,256,13,148,2.6,108,1.9,2,28.0,,SamuJa00
76,Jalen Richard,25,LVR,RB,16,1,55,259,11,120,2.2,139,2.5,8,6.9,,RichJa01
77,Zach Zenner,27,DET,RB,8,1,55,265,14,114,2.1,151,2.7,2,27.5,,ZennZa00
78,Marcus Murphy,27,BUF,RB,11,1,52,250,7,103,2.0,147,2.8,11,4.7,,MurpMa03
79,Wayne Gallman,24,NYG,RB,15,1,51,176,7,84,1.6,92,1.8,4,12.8,,GallWa00
80,Spencer Ware,27,KAN,RB,13,2,51,246,14,150,2.9,96,1.9,3,17.0,,WareSp00
81,Justin Jackson,22,LAC,RB,13,1,50,206,13,107,2.1,99,2.0,5,10.0,,JackJu01
82,Damien Williams,26,KAN,RB,16,3,50,256,15,155,3.1,101,2.0,1,50.0,,WillDa05
83,Jameis Winston,24,TAM,QB,11,9,49,281,19,147,3.0,134,2.7,1,49.0,,WinsJa00
84,Andrew Luck,29,IND,QB,16,16,46,148,12,90,2.0,58,1.3,1,46.0,PBAP CPoY-1,LuckAn00
85,Jay Ajayi,25,PHI,RB,4,3,45,184,11,103,2.3,81,1.8,4,11.3,,AjayJa00
86,Kirk Cousins,30,MIN,QB,16,16,44,123,12,105,2.4,18,0.4,1,44.0,,CousKi00
87,Sam Darnold,21,NYJ,QB,13,13,44,138,16,90,2.0,48,1.1,2,22.0,,DarnSa00
88,Rod Smith,26,DAL,RB,16,1,44,127,10,59,1.3,68,1.5,2,22.0,,SmitRo06
89,Malcolm Brown,25,LAR,RB,12,0,43,212,10,119,2.8,93,2.2,9,4.8,,BrowMa03
90,Jared Goff,24,LAR,QB,16,16,43,108,9,103,2.4,5,0.1,0,,PB,GoffJa00
91,Aaron Rodgers,35,GNB,QB,16,16,43,269,20,256,6.0,13,0.3,1,43.0,PB,RodgAa00
92,Chris Thompson,28,WAS,RB,10,0,43,178,9,126,2.9,52,1.2,3,14.3,,ThomCh03
93,Cordarrelle Patterson,27,NWE,WR,15,5,42,228,15,112,2.7,116,2.8,5,8.4,AP-2,PattCo00
94,Javorius Allen,27,BAL,RB,14,0,41,110,10,37,0.9,73,1.8,0,,,AlleJa01
95,Alex Smith,34,WAS,QB,10,10,41,168,15,117,2.9,51,1.2,1,41.0,,SmitAl03
96,Ty Montgomery,25,2TM,WR,13,0,41,188,10,98,2.4,90,2.2,2,20.5,,MontTy01
96,Ty Montgomery,25,GNB,WR,7,0,26,105,6,56,2.2,49,1.9,1,26.0,,MontTy01
96,Ty Montgomery,25,BAL,WR,6,0,15,83,4,42,2.8,41,2.7,1,15.0,,MontTy01
97,Duke Johnson,25,CLE,RB,16,2,40,201,9,94,2.4,107,2.7,4,10.0,,JohnDu00
98,Theo Riddick,27,DET,RB,14,3,40,171,8,92,2.3,79,2.0,4,10.0,,RiddTh00
99,Baker Mayfield,23,CLE,QB,14,13,39,131,8,83,2.1,48,1.2,1,39.0,AP ORoY-2,MayfBa00
100,Trenton Cannon,24,NYJ,RB,16,0,38,113,7,26,0.7,87,2.3,5,7.6,,CannTr00
101,Taysom Hill,28,NOR,QB,16,4,37,196,15,57,1.5,139,3.8,7,5.3,,HillTa00
102,Kalen Ballage,23,MIA,RB,12,0,36,191,10,133,3.7,58,1.6,0,,,BallKa00
103,Ryan Fitzpatrick,36,TAM,QB,8,7,36,152,9,148,4.1,4,0.1,0,,,FitzRy00
104,Devontae Booker,26,DEN,RB,16,0,34,183,11,93,2.7,90,2.6,2,17.0,,BookDe00
105,Raheem Mostert,26,SFO,RB,9,0,34,261,13,143,4.2,118,3.5,5,6.8,,MostRa00
106,Carson Wentz,26,PHI,QB,11,11,34,93,8,63,1.9,30,0.9,1,34.0,,WentCa00
107,Jacquizz Rodgers,28,TAM,RB,16,0,33,106,7,54,1.6,52,1.6,2,16.5,,RodgJa00
108,Matt Ryan,33,ATL,QB,16,16,33,125,15,113,3.4,12,0.4,3,11.0,,RyanMa00
109,Ryan Tannehill,30,MIA,QB,11,11,32,145,9,133,4.2,12,0.4,1,32.0,,TannRy00
110,Drew Brees,39,NOR,QB,15,15,31,22,11,17,0.5,5,0.2,1,31.0,PBAP-2AP MVP-2AP OPoY-2,BreeDr00
111,Ben Roethlisberger,36,PIT,QB,16,16,31,98,13,66,2.1,32,1.0,0,,,RoetBe00
112,DeAndre Washington,25,LVR,RB,10,0,30,115,8,38,1.3,77,2.6,3,10.0,,WashDe00
113,Stevan Ridley,29,PIT,RB,10,0,29,80,3,27,0.9,53,1.8,2,14.5,,RidlSt00
114,Darren Sproles,35,PHI,RB,6,2,29,120,6,87,3.0,33,1.1,1,29.0,,SproDa00
115,John Kelly,22,LAR,RB,4,0,27,74,6,20,0.7,54,2.0,1,27.0,,KellJo00
116,Dwayne Washington,24,NOR,RB,13,0,27,154,7,92,3.4,62,2.3,1,27.0,,WashDw00
117,Case Keenum,30,DEN,QB,16,16,26,93,11,57,2.2,36,1.4,3,8.7,,KeenCa00
118,Jeff Driskel,25,CIN,QB,9,5,25,130,7,80,3.2,50,2.0,1,25.0,,DrisJe00
119,Matthew Stafford,30,DET,QB,16,16,25,71,8,69,2.8,2,0.1,0,,,StafMa00
120,Derek Carr,27,LVR,QB,16,16,24,47,5,34,1.4,13,0.5,0,,,CarrDe02
121,Tom Brady,41,NWE,QB,16,16,23,35,10,21,0.9,14,0.6,0,,PB,BradTo00
122,Josh Johnson,32,WAS,QB,4,3,23,120,7,97,4.2,23,1.0,0,,,JohnJo05
123,Ronald Jones II,21,TAM,RB,9,0,23,44,2,16,0.7,28,1.2,1,23.0,,JoneRo01
124,Josh Rosen,21,ARI,QB,14,13,23,138,8,68,3.0,70,3.0,0,,,RoseJo01
125,Tyreek Hill,24,KAN,WR,16,16,22,151,7,132,6.0,19,0.9,0,,PBAP-1,HillTy00
126,Keith Ford,24,BUF,RB,2,1,21,79,4,51,2.4,28,1.3,0,,,FordKe00
127,Kapri Bibbs,25,2TM,RB,12,0,21,103,8,71,3.4,32,1.5,2,10.5,,BibbKa00
127,Kapri Bibbs,25,WAS,RB,10,0,20,101,8,71,3.6,30,1.5,2,10.0,,BibbKa00
127,Kapri Bibbs,25,GNB,RB,2,0,1,2,0,0,0.0,2,2.0,0,,,BibbKa00
128,Brian Hill,23,ATL,RB,10,0,20,157,5,125,6.3,32,1.6,1,20.0,,HillBr02
129,Cameron Artis-Payne,28,CAR,RB,9,0,19,69,8,28,1.5,41,2.2,0,,,ArtiCa00
130,Kenjon Barner,29,NWE,RB,5,0,19,71,3,44,2.3,27,1.4,1,19.0,,BarnKe00
131,C.J. Beathard,25,SFO,QB,6,5,19,69,6,44,2.3,25,1.3,0,,,BeatC.00
132,Joe Flacco,33,BAL,QB,9,9,19,45,10,36,1.9,9,0.5,0,,,FlacJo00
133,Cody Kessler,25,JAX,QB,5,4,19,123,9,75,3.9,48,2.5,1,19.0,,KessCo00
134,Robert Woods,26,LAR,WR,16,16,19,157,9,96,5.1,61,3.2,0,,,WoodRo02
135,Nick Mullens,23,SFO,QB,8,8,18,-16,1,-16,-0.9,0,0.0,0,,,MullNi00
136,Philip Rivers,37,LAC,QB,16,16,18,7,1,1,0.1,6,0.3,0,,PB,RivePh00
137,Andy Dalton,31,CIN,QB,11,11,16,99,4,63,3.9,36,2.3,1,16.0,,DaltAn00
138,Mike Gillislee,28,NOR,RB,4,0,16,43,2,4,0.3,39,2.4,4,4.0,,GillMi00
139,Tyrod Taylor,29,CLE,QB,4,3,16,125,6,94,5.9,31,1.9,0,,,TaylTy00
140,Eli Manning,37,NYG,QB,16,16,15,20,5,15,1.0,5,0.3,0,,,MannEl00
141,Devonta Freeman,26,ATL,RB,2,2,14,68,2,51,3.6,17,1.2,0,,,FreeDe00
142,Mark Walton,21,CIN,RB,14,0,14,34,5,19,1.4,15,1.1,0,,,WaltMa00
143,Chase Daniel,32,CHI,QB,5,2,13,3,1,3,0.2,0,0.0,0,,,DaniCh00
144,Corey Grant,27,JAX,RB,5,1,13,40,1,16,1.2,24,1.8,0,,,GranCo00
145,Tyler Lockett,26,SEA,WR,16,14,13,69,3,50,3.8,19,1.5,1,13.0,,LockTy00
146,D.J. Moore,21,CAR,WR,16,10,13,172,6,87,6.7,85,6.5,3,4.3,,MoorD.00
147,Darrel Williams,23,KAN,RB,6,0,13,44,3,13,1.0,31,2.4,5,2.6,,WillDa10
148,Mike Boone,23,MIN,RB,8,0,11,47,2,13,1.2,34,3.1,1,11.0,,BoonMi00
149,Teddy Bridgewater,26,NOR,QB,5,1,11,5,1,-8,-0.7,13,1.2,0,,,BridTe00
150,Travaris Cadet,29,CAR,RB,1,0,11,17,0,-2,-0.2,19,1.7,0,,,CadeTr00
151,Benny Cunningham,28,CHI,RB,15,0,11,20,0,7,0.6,13,1.2,1,11.0,,CunnBe01
152,Brian Hoyer,33,NWE,QB,5,0,11,-8,1,-8,-0.7,0,0.0,0,,,HoyeBr00
153,Detrez Newsome,24,LAC,RB,9,0,11,49,3,23,2.1,26,2.4,1,11.0,,NewsDe00
154,Brandin Cooks,25,LAR,WR,16,16,10,68,5,57,5.7,11,1.1,0,,,CookBr00
155,Stefon Diggs,25,MIN,WR,15,14,10,62,3,57,5.7,5,0.5,0,,,DiggSt00
156,Colt McCoy,32,WAS,QB,3,2,10,63,4,56,5.6,7,0.7,0,,,McCoCo00
157,Isaiah McKenzie,23,BUF,WR,7,1,10,66,4,51,5.1,15,1.5,0,,,McKeIs00
158,Nathan Peterman,24,BUF,QB,4,2,10,50,4,7,0.7,43,4.3,1,10.0,,PeteNa00
159,Keenan Allen,26,LAC,WR,16,14,9,75,4,59,6.6,16,1.8,2,4.5,PB,AlleKe00
160,Alex Armah,24,CAR,FB,16,2,9,15,3,4,0.4,11,1.2,0,,,ArmaAl00
161,Julian Edelman,32,NWE,WR,12,12,9,107,7,101,11.2,6,0.7,0,,,EdelJu00
162,Nick Foles,29,PHI,QB,5,5,9,17,6,8,0.9,9,1.0,0,,,FoleNi00
163,Taylor Gabriel,27,CHI,WR,16,11,9,61,3,37,4.1,24,2.7,0,,,GabrTa00
164,Jeremy Langford,27,ATL,RB,1,0,9,25,1,-2,-0.2,27,3.0,0,,,LangJe00
165,Zach Line,28,NOR,RB,16,6,9,41,6,22,2.4,19,2.1,0,,,LineZa01
166,Taquan Mizzell,25,CHI,RB,9,1,9,16,0,7,0.8,9,1.0,0,,,MizzTa00
167,Dede Westbrook,25,JAX,WR,16,9,9,98,5,85,9.4,13,1.4,1,9.0,,WestDe00
168,Brandon Bolden,28,MIA,RB,16,0,8,91,4,84,10.5,7,0.9,0,,,BoldBr00
169,Jimmy Garoppolo,27,SFO,QB,3,3,8,33,2,-4,-0.5,37,4.6,0,,,GaroJi00
170,Kyle Juszczyk,27,SFO,FB,16,14,8,30,2,14,1.8,16,2.0,0,,PB,JuszKy00
171,Brock Osweiler,28,MIA,QB,7,5,8,21,1,13,1.6,8,1.0,0,,,OsweBr00
172,Samaje Perine,23,WAS,RB,5,0,8,32,2,13,1.6,19,2.4,0,,,PeriSa00
173,Curtis Samuel,22,CAR,WR,13,8,8,84,3,65,8.1,19,2.4,1,8.0,,SamuCu00
174,Geno Smith,28,LAC,QB,5,0,8,2,0,2,0.3,0,0.0,0,,,SmitGe00
175,Roc Thomas,23,MIN,RB,5,0,8,30,2,16,2.0,14,1.8,2,4.0,,ThomRo05
176,David Williams,24,JAX,RB,6,0,8,36,3,26,3.3,10,1.3,0,,,WillDa011
177,Albert Wilson,26,MIA,WR,7,3,8,16,2,-3,-0.4,19,2.4,0,,,WilsAl02
178,Travis Benjamin,29,LAC,WR,12,3,7,41,2,36,5.1,5,0.7,0,,,BenjTr00
179,Jacoby Brissett,26,IND,QB,4,0,7,-7,0,-7,-1.0,0,0.0,0,,,BrisJa00
180,D'Onta Foreman,22,HOU,RB,1,0,7,-1,0,-1,-0.1,0,0.0,0,,,ForeDO00
181,Sean Mannion,26,LAR,QB,3,0,7,-9,1,-10,-1.4,1,0.1,0,,,MannSe00
182,Elijhaa Penny,25,NYG,RB,14,3,7,25,2,11,1.6,14,2.0,0,,,PennEl00
183,Mohamed Sanu,29,ATL,WR,16,16,7,44,5,39,5.6,5,0.7,0,,,SanuMo00
184,Mike Williams,24,LAC,WR,16,5,7,28,2,19,2.7,9,1.3,1,7.0,,WillMi07
185,Tavon Austin,28,DAL,WR,7,0,6,55,2,44,7.3,11,1.8,0,,,AustTa00
186,Jamaal Charles,32,JAX,RB,2,0,6,7,0,3,0.5,4,0.7,1,6.0,,CharJa00
187,Corey Davis,23,TEN,WR,16,16,6,55,2,50,8.3,5,0.8,1,6.0,,DaviCo03
188,James Develin,30,NWE,FB,16,8,6,8,5,7,1.2,1,0.2,0,,,DeveJa00
189,Blaine Gabbert,29,TEN,QB,8,3,6,0,2,0,0.0,0,0.0,0,,,GabbBl00
190,C.J. Ham,25,MIN,RB,15,2,6,8,1,5,0.8,3,0.5,0,,,HamxC.00
191,Darius Jackson,25,DAL,RB,2,0,6,16,0,13,2.2,3,0.5,0,,,JackDa01
192,DeSean Jackson,32,TAM,WR,12,10,6,29,2,26,4.3,3,0.5,0,,,JackDe00
193,Anthony Miller,24,CHI,WR,15,4,6,26,0,21,3.5,5,0.8,0,,,MillAn02
194,Calvin Ridley,24,ATL,WR,16,5,6,27,1,18,3.0,9,1.5,1,6.0,,RidlCa00
195,Jonathan Stewart,31,NYG,RB,3,0,6,17,0,2,0.3,15,2.5,0,,,StewJo00
196,Ryan Switzer,24,PIT,WR,16,1,6,21,0,10,1.7,11,1.8,0,,,SwitRy00
197,Brandon Wilds,25,JAX,RB,3,0,6,15,0,11,1.8,4,0.7,0,,,WildBr01
198,Shaun Wilson,23,TAM,RB,5,0,6,29,0,23,3.8,6,1.0,0,,,WilsSh01
199,Kyle Allen,22,CAR,QB,2,1,5,19,2,14,2.8,5,1.0,0,,,AlleKy00
200,Odell Beckham Jr.,26,NYG,WR,12,12,5,19,2,14,2.8,5,1.0,0,,,BeckOd00
201,Taylor Heinicke,25,CAR,QB,6,1,5,31,2,31,6.2,0,0.0,0,,,HeinTa00
202,DeShone Kizer,22,GNB,QB,3,0,5,39,3,18,3.6,21,4.2,1,5.0,,KizeDe00
203,Josh McCown,39,NYJ,QB,4,3,5,32,2,27,5.4,5,1.0,0,,,McCoJo01
204,Chris Moore,25,BAL,WR,16,0,5,17,1,8,1.6,9,1.8,1,5.0,,MoorCh00
205,Adam Thielen,28,MIN,WR,16,16,5,30,1,13,2.6,17,3.4,0,,PB,ThieAd00
206,Sammy Watkins,25,KAN,WR,10,9,5,52,2,9,1.8,43,8.6,2,2.5,,WatkSa00
207,Jamison Crowder,25,WAS,WR,9,7,4,30,1,26,6.5,4,1.0,0,,,CrowJa00
208,Joshua Dobbs,23,PIT,QB,5,0,4,11,2,11,2.8,0,0.0,0,,,DobbJo00
209,Phillip Dorsett,25,NWE,WR,16,2,4,29,2,26,6.5,3,0.8,0,,,DorsPh00
210,David Fluellen,26,TEN,RB,7,0,4,16,1,14,3.5,2,0.5,0,,,FlueDa00
211,Marquise Goodwin,28,SFO,WR,11,8,4,9,0,6,1.5,3,0.8,0,,,GoodMa00
212,Jeremy Hill,26,NWE,RB,1,0,4,25,1,22,5.5,3,0.8,0,,,HillJe01
213,Robert Kelley,26,WAS,RB,2,0,4,8,1,-5,-1.3,13,3.3,0,,,KellRo00
214,Cooper Kupp,25,LAR,WR,8,8,4,25,3,23,5.8,2,0.5,0,,,KuppCo00
215,JJ Nelson,26,ARI,WR,14,2,4,0,0,-6,-1.5,6,1.5,0,,,NelsJJ00
216,Breshad Perriman,25,CLE,WR,10,2,4,2,0,-1,-0.3,3,0.8,0,,,PerrBr02
217,John Ross,23,CIN,WR,13,10,4,9,0,3,0.8,6,1.5,0,,,RossJo00
218,Emmanuel Sanders,31,DEN,WR,12,12,4,53,2,49,12.3,4,1.0,1,4.0,,SandEm00
219,Robert Turbin,29,IND,RB,2,0,4,10,0,10,2.5,0,0.0,0,,,TurbRo00
220,Derek Watt,26,LAC,FB,16,5,4,11,1,4,1.0,7,1.8,1,4.0,,WattDe00
221,Golden Tate,30,2TM,WR,15,7,4,34,1,27,6.8,7,1.8,0,,,TateGo00
221,Golden Tate,30,DET,WR,7,4,3,42,1,35,11.7,7,2.3,0,,,TateGo00
221,Golden Tate,30,PHI,WR,8,3,1,-8,0,-8,-8.0,0,0.0,0,,,TateGo00
222,Nelson Agholor,25,PHI,WR,16,16,3,32,2,16,5.3,16,5.3,0,,,AghoNe00
223,Matt Barkley,28,BUF,QB,1,1,3,-2,0,-2,-0.7,0,0.0,0,,,BarkMa00
224,John Brown,28,BAL,WR,16,15,3,4,0,4,1.3,0,0.0,0,,,BrowJo02
225,Martavis Bryant,27,LVR,WR,8,2,3,23,1,10,3.3,13,4.3,0,,,BryaMa00
226,Keke Coutee,21,HOU,WR,6,2,3,0,0,0,0.0,0,0.0,0,,,CoutKe00
227,Eric Ebron,25,IND,TE,16,8,3,-8,1,-9,-3.0,1,0.3,0,,PB,EbroEr00
228,Evan Engram,24,NYG,TE,11,8,3,36,3,26,8.7,10,3.3,1,3.0,,EngrEv00
229,Alex Erickson,26,CIN,WR,16,6,3,22,1,16,5.3,6,2.0,0,,,EricAl01
230,Ted Ginn Jr.,33,NOR,WR,5,3,3,26,1,24,8.0,2,0.7,1,3.0,,GinnTe00
231,Christian Kirk,22,ARI,WR,12,7,3,35,2,35,11.7,0,0.0,0,,,KirkCh01
232,Jarvis Landry,26,CLE,WR,16,14,3,60,2,37,12.3,23,7.7,0,,PB,LandJa00
233,Tre Madden,25,SEA,RB,14,3,3,3,1,3,1.0,0,0.0,0,,,MaddTr01
234,Byron Marshall,24,WAS,RB,6,0,3,9,0,8,2.7,1,0.3,0,,,MarsBy01
235,A.J. McCarron,28,LVR,QB,2,0,3,-2,0,-2,-0.7,0,0.0,0,,,McCaA.00
236,J.D. McKissic,25,SEA,RB,5,0,3,8,0,5,1.7,3,1.0,0,,,McKiJ.00
237,Tim Patrick,25,DEN,WR,16,4,3,17,2,13,4.3,4,1.3,2,1.5,,PatrTi00
238,Seth Roberts,27,LVR,WR,15,7,3,5,1,2,0.7,3,1.0,0,,,RobeSe00
239,Sterling Shepard,25,NYG,WR,16,16,3,33,1,33,11.0,0,0.0,0,,,ShepSt00
240,Jonathan Williams,24,NOR,RB,3,0,3,0,0,-2,-0.7,2,0.7,0,,,WillJo07
241,Maxx Williams,24,BAL,TE,13,6,3,8,2,7,2.3,1,0.3,0,,,WillMa04
242,Tyler Boyd,24,CIN,WR,14,14,2,3,0,2,1.0,1,0.5,0,,,BoydTy00
243,Sam Bradford,31,ARI,QB,3,3,2,7,1,7,3.5,0,0.0,0,,,BradSa00
244,Antonio Callaway,21,CLE,WR,16,11,2,7,1,7,3.5,0,0.0,0,,,CallAn00
245,Matt Cassel,36,DET,QB,2,0,2,13,1,-6,-3.0,19,9.5,0,,,CassMa00
246,Robbie Chosen,25,NYJ,WR,14,9,2,-8,0,-8,-4.0,0,0.0,0,,,AndeRo04
247,Derrick Coleman,28,ARI,RB,16,4,2,3,0,1,0.5,2,1.0,0,,,ColeDe00
248,Justin Davis,23,LAR,RB,11,0,2,19,1,16,8.0,3,1.5,0,,,DaviJu00
249,Gerald Everett,24,LAR,TE,16,0,2,16,1,12,6.0,4,2.0,1,2.0,,EverGe00
250,Clayton Fejedelem,25,CIN,CB,16,1,2,6,1,6,3.0,0,0.0,0,,,FejeCl00
251,Marvin Hall,25,ATL,WR,16,0,2,0,0,0,0.0,0,0.0,0,,,HallMa02
252,Dwayne Harris,31,LVR,WR,15,1,2,12,1,7,3.5,5,2.5,0,,,HarrDw00
253,Maurice Harris,26,WAS,WR,12,7,2,10,1,10,5.0,0,0.0,0,,,HarrMa05
254,De'Angelo Henderson,26,NYJ,RB,3,0,2,19,0,19,9.5,0,0.0,0,,,HendDe01
255,Adam Humphries,25,TAM,WR,16,10,2,11,0,11,5.5,0,0.0,0,,,HumpAd00
256,Andy Janovich,25,DEN,FB,16,7,2,5,2,1,0.5,4,2.0,0,,,JanoAn00
257,Julio Jones,29,ATL,WR,16,16,2,12,1,-4,-2.0,16,8.0,1,2.0,PBAP-2,JoneJu02
258,Jourdan Lewis,23,DAL,CB,15,1,2,12,0,12,6.0,0,0.0,0,,,LewiJo01
259,Tommylee Lewis,26,NOR,WR,7,3,2,10,0,2,1.0,8,4.0,0,,,LewiTo00
260,T.J. Logan,24,ARI,FB,10,0,2,2,0,0,0.0,2,1.0,0,,,LogaT.00
261,Ray-Ray McCloud,22,BUF,WR,10,1,2,4,0,1,0.5,3,1.5,0,,,McClRa00
262,Jeremy McNichols,23,IND,RB,1,0,2,4,1,-2,-1.0,6,3.0,1,2.0,,McNiJe00
263,Christine Michael,28,IND,RB,1,0,2,9,0,0,0.0,9,4.5,0,,,MichCh00
264,Zach Pascal,24,IND,WR,16,4,2,10,0,10,5.0,0,0.0,0,,,PascZa00
265,Josh Reynolds,23,LAR,WR,16,8,2,8,1,4,2.0,4,2.0,0,,,ReynJo00
266,Paul Richardson,26,WAS,WR,7,4,2,9,0,7,3.5,2,1.0,0,,,RichPa01
267,Andre Roberts,30,NYJ,WR,16,1,2,20,1,18,9.0,2,1.0,0,,PBAP-1,RobeAn00
268,Nate Sudfeld,25,PHI,QB,2,0,2,-2,0,-2,-1.0,0,0.0,0,,,SudfNa00
269,Marquez Valdes-Scantling,24,GNB,WR,16,10,2,29,2,29,14.5,0,0.0,0,,,ValdMa00
270,Charcandrick West,27,KAN,RB,3,0,2,-1,1,-1,-0.5,0,0.0,1,2.0,,WestCh01
271,Tyrell Williams,26,LAC,WR,16,10,2,15,1,15,7.5,0,0.0,0,,,WillTy00
272,Jarius Wright,29,CAR,WR,16,6,2,39,1,33,16.5,6,3.0,0,,,WrigJa02
273,Amari Cooper,24,2TM,WR,15,15,2,20,1,3,1.5,17,8.5,1,2.0,PB,CoopAm00
273,Amari Cooper,24,LVR,WR,6,6,1,9,0,-5,-5.0,14,14.0,1,1.0,,CoopAm00
273,Amari Cooper,24,DAL,WR,9,9,1,11,1,8,8.0,3,3.0,0,,,CoopAm00
274,Ameer Abdullah,25,DET,RB,3,0,1,1,0,0,0.0,1,1.0,0,,,AbduAm00
275,Jamal Agnew,23,DET,CB,6,0,1,17,1,14,14.0,3,3.0,0,,,AgneJa00
276,Danny Amendola,33,MIA,WR,15,15,1,-2,0,-2,-2.0,0,0.0,0,,,AmenDa00
277,Derek Anderson,35,BUF,QB,2,2,1,-1,0,-1,-1.0,0,0.0,0,,,AndeDe00
278,Cameron Batson,23,TEN,WR,11,2,1,1,1,-4,-4.0,5,5.0,0,,,BatsCa00
279,Nick Bellore,29,DET,FB,14,4,1,0,0,0,0.0,0,0.0,0,,,BellNi01
280,Tommy Bohanon,28,JAX,FB,16,6,1,0,0,0,0.0,0,0.0,0,,,BohaTo00
281,Corey Bojorquez,22,BUF,P,8,0,1,0,0,0,0.0,0,0.0,0,,,BojoCo00
282,Trey Burton,27,CHI,TE,16,16,1,2,1,0,0.0,2,2.0,0,,,BurtTr01
283,Leonte Carroo,24,MIA,WR,9,0,1,14,1,14,14.0,0,0.0,0,,,CarrLe00
284,DeAndre Carter,25,HOU,WR,7,3,1,7,0,5,5.0,2,2.0,0,,,CartDe02
285,Jehu Chesson,25,WAS,WR,12,0,1,-4,0,-4,-4.0,0,0.0,0,,,ChesJe00
286,Corey Coleman,24,NYG,WR,8,1,1,5,0,5,5.0,0,0.0,0,,,ColeCo00
287,Ed Dickson,31,SEA,TE,10,1,1,9,1,2,2.0,7,7.0,0,,,DickEd00
288,Michael Dickson,22,SEA,P,16,0,1,9,1,9,9.0,0,0.0,0,,PBAP-1,DickMi00
289,Patrick DiMarco,29,BUF,FB,16,5,1,9,1,6,6.0,3,3.0,0,,,DiMaPa00
290,Riley Dixon,25,NYG,P,16,0,1,14,1,14,14.0,0,0.0,0,,,DixoRi00
291,Bruce Ellington,27,DET,WR,4,2,1,2,0,2,2.0,0,0.0,0,,,ElliBr00
292,Quincy Enunwa,26,NYJ,WR,11,10,1,0,0,-3,-3.0,3,3.0,0,,,EnunQu00
293,Kenny Golladay,25,DET,WR,15,13,1,8,0,8,8.0,0,0.0,0,,,GollKe00
294,Jakeem Grant,26,MIA,WR,10,2,1,5,0,3,3.0,2,2.0,0,,,GranJa00
295,Raven Greene,23,GNB,CB,8,0,1,26,0,26,26.0,0,0.0,0,,,GreeRa02
296,Jeff Heath,27,DAL,S,16,16,1,3,1,3,3.0,0,0.0,0,,,HeatJe00
297,Johnny Hekker,28,LAR,P,16,0,1,3,0,3,3.0,0,0.0,0,,AP-2,HekkJo00
298,Chad Henne,33,KAN,QB,1,0,1,3,0,2,2.0,1,1.0,0,,,HennCh01
299,Darrius Heyward-Bey,31,PIT,WR,14,2,1,-7,0,-7,-7.0,0,0.0,0,,,HeywDa00
300,Akiem Hicks,29,CHI,DE,16,16,1,1,1,1,1.0,0,0.0,0,,PB,HickAk00
301,DeAndre Hopkins,26,HOU,WR,16,16,1,-7,0,-7,-7.0,0,0.0,0,,PBAP-1AP OPoY-3,HopkDe00
302,Hayden Hurst,25,BAL,TE,12,0,1,0,0,0,0.0,0,0.0,0,,,HursHa00
303,Melvin Ingram,29,LAC,DE,16,16,1,0,0,0,0.0,0,0.0,0,,PB,IngrMe00
304,Darius Jennings,26,TEN,WR,16,0,1,2,0,-1,-1.0,3,3.0,0,,,JennDa00
305,Marcus Johnson,24,IND,WR,5,0,1,-2,0,-4,-4.0,2,2.0,1,1.0,,JohnMa07
306,JJ Jones,26,LAC,WR,3,0,1,0,0,-2,-2.0,2,2.0,0,,,JoneJJ00
307,Zay Jones,23,BUF,WR,16,15,1,0,0,-2,-2.0,2,2.0,0,,,JoneZa00
308,Chad Kelly,24,DEN,QB,1,0,1,-1,0,-1,-1.0,0,0.0,0,,,KellCh00
309,George Kittle,25,SFO,TE,16,16,1,10,1,10,10.0,0,0.0,0,,PBAP-2,KittGe00
310,Kyle Lauletta,23,NYG,QB,2,0,1,-2,0,-2,-2.0,0,0.0,0,,,LaulKy00
311,Rontez Miles,30,NYJ,CB,8,1,1,4,1,4,4.0,0,0.0,0,,,MileRo00
312,David Moore,23,SEA,WR,16,7,1,5,0,2,2.0,3,3.0,1,1.0,,MoorDa03
313,Jordy Nelson,33,LVR,WR,15,14,1,-2,0,-2,-2.0,0,0.0,0,,,NelsJo00
314,Roosevelt Nix,26,PIT,RB,16,0,1,4,0,4,4.0,0,0.0,0,,,NixxRo01
315,Niles Paul,29,JAX,WR,6,1,1,-3,0,-5,-5.0,2,2.0,0,,,PaulNi00
316,Dante Pettis,23,SFO,WR,12,7,1,-2,0,-2,-2.0,0,0.0,0,,,PettDa00
317,Brandon Powell,23,DET,WR,6,1,1,4,0,2,2.0,2,2.0,0,,,PoweBr00
318,C.J. Prosise,24,SEA,RB,5,0,1,-3,0,-3,-3.0,0,0.0,0,,,ProsC.00
319,Terrelle Pryor,29,BUF,WR,2,1,1,-1,0,-1,-1.0,0,0.0,0,,,PryoTe00
320,Trey Quinn,23,WAS,WR,3,2,1,0,0,0,0.0,0,0.0,0,,,QuinTr00
321,Allen Robinson,25,CHI,WR,13,12,1,9,0,6,6.0,3,3.0,0,,,RobiAl02
322,Chester Rogers,24,IND,WR,16,10,1,-4,0,-4,-4.0,0,0.0,0,,,RogeCh02
323,Eli Rogers,26,PIT,WR,3,3,1,-4,0,-6,-6.0,2,2.0,0,,,RogeEl00
324,Mark Sanchez,32,WAS,QB,2,1,1,8,1,8,8.0,0,0.0,0,,,SancMa00
325,Matt Schaub,37,ATL,QB,3,0,1,0,0,0,0.0,0,0.0,0,,,SchaMa00
326,Tajae Sharpe,24,TEN,WR,16,13,1,16,1,-1,-1.0,17,17.0,0,,,SharTa00
327,Anthony Sherman,30,KAN,RB,16,1,1,2,1,1,1.0,1,1.0,0,,PB,SherAn00
328,Keith Smith,26,LVR,CB,16,3,1,0,0,0,0.0,0,0.0,0,,,SmitKe03
329,JuJu Smith-Schuster,22,PIT,WR,16,13,1,13,1,13,13.0,0,0.0,0,,PB,SmitJu00
330,Willie Snead,26,BAL,WR,16,10,1,13,1,13,13.0,0,0.0,0,,,SneaWi00
331,Equanimeous St. Brown,22,GNB,WR,12,7,1,5,0,1,1.0,4,4.0,0,,,St.BEq00
332,Luke Stocker,30,TEN,TE,16,11,1,0,0,0,0.0,0,0.0,0,,,StocLu00
333,Rod Streater,30,CLE,WR,3,0,1,-11,0,-11,-11.0,0,0.0,0,,,StreRo00
334,Courtland Sutton,23,DEN,WR,16,9,1,-1,0,-1,-1.0,0,0.0,0,,,SuttCo00
335,De'Anthony Thomas,25,KAN,RB,5,0,1,6,0,6,6.0,0,0.0,0,,,ThomDe05
336,Johnny Townsend,23,LVR,P,16,0,1,42,1,42,42.0,0,0.0,0,,,TownJo01
337,De'Lance Turner,23,BAL,RB,4,0,1,4,0,1,1.0,3,3.0,0,,,TurnDe01
338,Darren Waller,26,LVR,WR,4,0,1,21,1,16,16.0,5,5.0,0,,,WallDa01
339,Brandon Weeden,35,HOU,QB,1,0,1,-1,0,-1,-1.0,0,0.0,0,,,WeedBr00
340,Chad Williams,24,ARI,WR,10,7,1,9,0,6,6.0,3,3.0,0,,,WillCh05
341,Tavon Wilson,28,DET,CB,15,3,1,7,1,7,7.0,0,0.0,0,,,WilsTa00