Player,Position,Year,Team,SOS,Draft AV,Completions,Attempts,Passing Yards,Passing Touchdowns,Interceptions,Passer Rating,Rushing Attempts,Rushing Yards,Rushing Touchdowns,Yards per Attempt,Receptions,Receiving Yards,Receiving Touchdowns,Yards per Reception
Jordan Jenkins,Unknown,2022,Baylor,4.96,28.0,0,0,0,0,0,,3,8,0,2.7,0,0,0,
Jordan Jenkins,Unknown,2023,Baylor,3.72,28.0,0,0,0,0,0,,2,19,0,9.5,0,0,0,
Anthony Brown,Unknown,2017,Boston College,7.08,23.0,134,258,1367,11,9,103.5,42,210,1,5.0,1,25,1,25.0
Anthony Brown,Unknown,2018,Boston College,1.78,23.0,158,285,2121,20,9,134.8,54,85,1,1.6,2,36,1,18.0
Anthony Brown,Unknown,2019,Boston College,1.17,23.0,81,137,1250,9,2,154.5,33,128,2,3.9,1,30,1,30.0
Anthony Brown,Unknown,2020,Oregon,-1.77,23.0,15,23,164,2,0,153.8,7,40,2,5.7,0,0,0,
Anthony Brown,Unknown,2021,Oregon,1.93,23.0,250,390,2989,18,7,140.1,151,658,9,4.4,0,0,0,
Anthony Brown,Unknown,2023,Kentucky,2.5,23.0,0,0,0,0,0,,0,0,0,,5,44,1,8.8
Anthony Brown,Unknown,2015,Purdue,4.41,23.0,0,0,0,0,0,,1,39,0,39.0,0,0,0,
Braden Smith,Unknown,2020,Louisville,-1.87,36.0,0,1,0,0,0,0.0,0,0,0,,27,370,0,13.7
Braden Smith,Unknown,2021,Louisville,2.88,36.0,2,3,54,1,0,327.9,1,3,0,3.0,11,68,1,6.2
Braden Smith,Unknown,2022,Louisville,4.59,36.0,3,6,106,1,1,220.1,0,0,0,,21,215,1,10.2
Braden Smith,Unknown,2023,Cincinnati,1.57,36.0,1,3,30,0,0,117.3,2,0,0,0.0,43,557,4,13.0
Justin Jones,Unknown,2023,Auburn,3.39,14.0,0,0,0,0,0,,4,33,0,8.3,0,0,0,
Isaiah Johnson,Unknown,2016,Houston,-1.95,1.0,0,0,0,0,0,,0,0,0,,15,165,0,11.0
Isaiah Johnson,Unknown,2020,North Texas,-8.9,1.0,0,0,0,0,0,,17,68,1,4.0,1,6,0,6.0
Isaiah Johnson,Unknown,2021,North Texas,-4.13,1.0,0,0,0,0,0,,82,359,5,4.4,7,95,1,13.6
Isaiah Johnson,Unknown,2022,North Texas,-4.21,1.0,0,0,0,0,0,,54,246,3,4.6,8,44,2,5.5
Isaiah Johnson,Unknown,2023,North Texas,-5.09,1.0,0,0,0,0,0,,37,229,3,6.2,9,36,0,4.0
Isaiah Johnson,Unknown,2015,Houston,-3.04,1.0,0,0,0,0,0,,0,0,0,,6,43,0,7.2
Greg Gaines,Unknown,2022,Iowa State,6.37,13.0,0,0,0,0,0,,0,0,0,,1,2,0,2.0
Greg Gaines,Unknown,2023,Iowa State,4.2,13.0,0,0,0,0,0,,0,0,0,,2,12,0,6.0
Jake Bailey,Unknown,2017,Stanford,4.92,7.0,0,0,0,0,0,,1,17,0,17.0,0,0,0,
Jake Bailey,Unknown,2019,Rice,-3.21,7.0,0,0,0,0,0,,0,0,0,,9,53,0,5.9
Jake Bailey,Unknown,2020,Rice,-7.97,7.0,0,0,0,0,0,,2,16,0,8.0,23,276,2,12.0
Jake Bailey,Unknown,2021,Rice,-1.52,7.0,0,0,0,0,0,,1,14,0,14.0,56,714,2,12.8
Jake Bailey,Unknown,2022,SMU,1.39,7.0,0,0,0,0,0,,0,0,0,,12,205,1,17.1
Jake Bailey,Unknown,2023,SMU,-4.45,7.0,0,0,0,0,0,,1,10,0,10.0,42,528,0,12.6
Joe Jackson,Unknown,2023,Kansas State,5.09,0.0,0,0,0,0,0,,4,1,0,0.3,0,0,0,
Nick Harris,Unknown,2023,Connecticut,-2.67,4.0,0,0,0,0,0,,0,0,0,,1,4,1,4.0
Tyler Davis,Unknown,2016,Connecticut,-2.55,0.0,2,3,42,0,0,184.3,0,0,0,,11,107,1,9.7
Tyler Davis,Unknown,2017,Connecticut,-0.12,0.0,0,0,0,0,0,,0,0,0,,14,156,0,11.1
Tyler Davis,Unknown,2018,Connecticut,-1.32,0.0,1,1,16,0,0,234.4,0,0,0,,22,237,6,10.8
Tyler Davis,Unknown,2019,Georgia Tech,2.42,0.0,0,0,0,0,0,,0,0,0,,17,148,1,8.7
Tyler Davis,Unknown,2023,Clemson,3.28,0.0,0,0,0,0,0,,1,-6,0,-6.0,0,0,0,
Carlos Davis,Unknown,2018,South Alabama,-2.39,1.0,0,0,0,0,0,,3,11,0,3.7,0,0,0,
Carlos Davis,Unknown,2019,South Alabama,-1.44,1.0,0,0,0,0,0,,60,261,2,4.4,6,43,0,7.2
Carlos Davis,Unknown,2020,South Alabama,-3.64,1.0,0,0,0,0,0,,164,674,3,4.1,11,104,0,9.5
Carlos Davis,Unknown,2023,Massachusetts,-2.15,1.0,62,101,886,6,3,148.7,20,19,0,1.0,0,0,0,
Jordan Smith,Unknown,2021,Temple,-1.61,0.0,0,0,0,0,0,,1,18,0,18.0,18,186,0,10.3
Jordan Smith,Unknown,2022,Temple,-2.39,0.0,0,0,0,0,0,,0,0,0,,25,346,4,13.8
Jordan Smith,Unknown,2023,Temple,-3.65,0.0,0,0,0,0,0,,0,0,0,,25,287,4,11.5
Cole Turner,Unknown,2018,Nevada,-3.78,1.0,0,0,0,0,0,,0,0,0,,2,37,1,18.5
Cole Turner,Unknown,2019,Nevada,-4.8,1.0,0,0,0,0,0,,0,0,0,,4,51,0,12.8
Cole Turner,Unknown,2020,Nevada,-7.1,1.0,0,0,0,0,0,,0,0,0,,49,605,9,12.3
Cole Turner,Unknown,2021,Nevada,-1.99,1.0,0,0,0,0,0,,0,0,0,,62,677,10,10.9
Cole Turner,Unknown,2022,Clemson,3.3,1.0,0,0,0,0,0,,0,0,0,,8,161,0,20.1
Cole Turner,Unknown,2023,Clemson,3.28,1.0,0,0,0,0,0,,0,0,0,,3,28,0,9.3
Zach Evans,Unknown,2020,Texas Christian,3.71,0.0,0,0,0,0,0,,54,415,4,7.7,8,76,0,9.5
Zach Evans,Unknown,2021,Texas Christian,3.63,0.0,0,0,0,0,0,,92,648,5,7.0,10,130,1,13.0
Zach Evans,Unknown,2022,Ole Miss,4.05,0.0,0,0,0,0,0,,144,936,9,6.5,12,119,1,9.9
Zach Evans,Unknown,2023,Minnesota,3.61,0.0,0,0,0,0,0,,52,230,1,4.4,2,15,0,7.5
Caleb Williams,Unknown,2021,Oklahoma,2.68,0.0,136,211,1912,21,4,169.6,79,442,6,5.6,0,0,0,
Caleb Williams,Unknown,2022,USC,3.49,0.0,333,500,4537,42,5,168.5,113,382,10,3.4,0,0,0,
Caleb Williams,Unknown,2023,USC,5.51,0.0,266,388,3633,30,5,170.1,97,142,11,1.5,1,15,0,15.0
Jayden Daniels,Unknown,2019,Arizona State,2.34,0.0,205,338,2943,17,2,149.2,125,355,3,2.8,0,0,0,
Jayden Daniels,Unknown,2020,Arizona State,-4.0,0.0,49,84,701,5,1,145.7,33,223,4,6.8,0,0,0,
Jayden Daniels,Unknown,2021,Arizona State,-0.74,0.0,197,301,2380,10,10,136.2,138,710,6,5.1,0,0,0,
Jayden Daniels,Unknown,2022,LSU,6.14,0.0,266,388,2913,17,3,144.5,186,885,11,4.8,1,5,1,5.0
Jayden Daniels,Unknown,2023,LSU,4.59,0.0,236,327,3812,40,4,208.0,135,1134,10,8.4,0,0,0,
Marvin Harrison Jr.,Unknown,2021,Ohio State,5.53,0.0,0,0,0,0,0,,0,0,0,,11,139,3,12.6
Marvin Harrison Jr.,Unknown,2022,Ohio State,5.2,0.0,0,0,0,0,0,,2,32,0,16.0,77,1263,14,16.4
Marvin Harrison Jr.,Unknown,2023,Ohio State,5.64,0.0,0,0,0,0,0,,2,26,1,13.0,67,1211,14,18.1
Malik Nabers,Unknown,2021,LSU,5.28,0.0,0,0,0,0,0,,4,23,0,5.8,28,417,4,14.9
Malik Nabers,Unknown,2022,LSU,6.14,0.0,2,2,50,1,0,475.0,1,5,0,5.0,72,1017,3,14.1
Malik Nabers,Unknown,2023,LSU,4.59,0.0,0,0,0,0,0,,1,1,0,1.0,89,1569,14,17.6
Rome Odunze,Unknown,2020,Washington,-5.89,0.0,0,0,0,0,0,,3,-16,0,-5.3,6,72,0,12.0
Rome Odunze,Unknown,2021,Washington,-0.9,0.0,0,0,0,0,0,,2,13,0,6.5,41,415,4,10.1
Rome Odunze,Unknown,2022,Washington,0.64,0.0,0,0,0,0,0,,3,6,1,2.0,75,1145,7,15.3
Rome Odunze,Unknown,2023,Washington,7.83,0.0,0,0,0,0,0,,2,37,1,18.5,92,1640,13,17.8
Bo Nix,Unknown,2019,Auburn,7.72,0.0,217,377,2542,16,6,125.0,97,313,7,3.2,0,0,0,
Bo Nix,Unknown,2020,Auburn,9.52,0.0,214,357,2415,12,7,123.9,108,388,7,3.6,0,0,0,
Bo Nix,Unknown,2021,Auburn,5.73,0.0,197,323,2293,11,3,130.0,57,168,4,2.9,0,0,0,
Bo Nix,Unknown,2022,Oregon,3.67,0.0,294,409,3593,29,7,165.7,89,510,14,5.7,2,36,1,18.0
Bo Nix,Unknown,2023,Oregon,3.3,0.0,364,470,4508,45,3,188.3,54,234,6,4.3,0,0,0,
Brock Bowers,Unknown,2021,Georgia,5.62,0.0,0,0,0,0,0,,4,56,1,14.0,56,882,13,15.8
Brock Bowers,Unknown,2022,Georgia,6.28,0.0,0,0,0,0,0,,9,109,3,12.1,63,942,7,15.0
Brock Bowers,Unknown,2023,Georgia,3.21,0.0,0,0,0,0,0,,6,28,1,4.7,56,714,6,12.8
Xavier Worthy,Unknown,2021,Texas,4.86,0.0,0,0,0,0,0,,1,7,0,7.0,62,981,12,15.8
Xavier Worthy,Unknown,2022,Texas,8.16,0.0,1,1,33,1,0,707.2,2,14,0,7.0,60,760,9,12.7
Xavier Worthy,Unknown,2023,Texas,6.61,0.0,1,2,35,0,0,197.0,4,35,0,8.8,75,1014,5,13.5
Xavier Legette,Unknown,2019,South Carolina,7.34,0.0,0,0,0,0,0,,0,0,0,,9,80,1,8.9
Xavier Legette,Unknown,2020,South Carolina,7.42,0.0,0,0,0,0,0,,0,0,0,,7,113,0,16.1
Xavier Legette,Unknown,2021,South Carolina,3.31,0.0,0,0,0,0,0,,0,0,0,,8,63,1,7.9
Xavier Legette,Unknown,2022,South Carolina,4.17,0.0,0,0,0,0,0,,7,21,0,3.0,18,167,3,9.3
Xavier Legette,Unknown,2023,South Carolina,4.33,0.0,0,0,0,0,0,,9,-9,0,-1.0,71,1255,7,17.7
Keon Coleman,Unknown,2021,Michigan State,5.26,0.0,0,0,0,0,0,,0,0,0,,7,50,1,7.1
Keon Coleman,Unknown,2022,Michigan State,5.48,0.0,0,0,0,0,0,,0,0,0,,58,798,7,13.8
Keon Coleman,Unknown,2023,Florida State,2.94,0.0,0,0,0,0,0,,1,2,0,2.0,50,658,11,13.2
Ladd McConkey,Unknown,2021,Georgia,5.62,0.0,0,0,0,0,0,,4,44,1,11.0,31,447,5,14.4
Ladd McConkey,Unknown,2022,Georgia,6.28,0.0,0,0,0,0,0,,7,134,2,19.1,58,762,7,13.1
Ladd McConkey,Unknown,2023,Georgia,3.21,0.0,0,0,0,0,0,,2,38,1,19.0,30,478,2,15.9
Cooper DeJean,Unknown,2023,Iowa,4.05,0.0,0,0,0,0,0,,1,8,0,8.0,0,0,0,
Adonai Mitchell,Unknown,2021,Georgia,5.62,0.0,0,0,0,0,0,,0,0,0,,29,426,4,14.7
Adonai Mitchell,Unknown,2022,Georgia,6.28,0.0,0,0,0,0,0,,0,0,0,,9,134,3,14.9
Adonai Mitchell,Unknown,2023,Texas,6.61,0.0,0,0,0,0,0,,2,1,0,0.5,55,845,11,15.4
Ben Sinnott,Unknown,2021,Kansas State,2.43,0.0,0,0,0,0,0,,3,12,1,4.0,2,15,0,7.5
Ben Sinnott,Unknown,2022,Kansas State,7.95,0.0,0,0,0,0,0,,0,0,0,,31,447,4,14.4
Ben Sinnott,Unknown,2023,Kansas State,5.09,0.0,0,0,0,0,0,,0,0,0,,49,676,6,13.8
Marshawn Kneeland,Unknown,2023,Western Michigan,-5.04,0.0,0,0,0,0,0,,2,1,1,0.5,0,0,0,
Malachi Corley,Unknown,2020,Western Kentucky,-6.07,0.0,0,0,0,0,0,,0,0,0,,6,65,0,10.8
Malachi Corley,Unknown,2021,Western Kentucky,-2.61,0.0,0,0,0,0,0,,1,-6,0,-6.0,73,691,7,9.5
Malachi Corley,Unknown,2022,Western Kentucky,-5.49,0.0,0,0,0,0,0,,11,87,0,7.9,101,1295,11,12.8
Malachi Corley,Unknown,2023,Western Kentucky,-3.29,0.0,0,0,0,0,0,,4,11,0,2.8,79,984,11,12.5
Trey Benson,Unknown,2021,Oregon,1.93,0.0,0,0,0,0,0,,6,22,1,3.7,0,0,0,
Trey Benson,Unknown,2022,Florida State,3.38,0.0,0,0,0,0,0,,154,990,9,6.4,13,144,0,11.1
Trey Benson,Unknown,2023,Florida State,2.94,0.0,0,0,0,0,0,,156,906,14,5.8,20,227,1,11.4
Jermaine Burton,Unknown,2020,Georgia,8.53,0.0,0,0,0,0,0,,4,50,0,12.5,27,404,3,15.0
Jermaine Burton,Unknown,2021,Georgia,5.62,0.0,0,0,0,0,0,,0,0,0,,26,497,4,19.1
Jermaine Burton,Unknown,2022,Alabama,4.58,0.0,0,0,0,0,0,,0,0,0,,40,677,7,16.9
Jermaine Burton,Unknown,2023,Alabama,6.58,0.0,0,0,0,0,0,,0,0,0,,39,798,8,20.5
Tip Reiman,Unknown,2021,Illinois,4.61,0.0,0,0,0,0,0,,0,0,0,,3,43,1,14.3
Tip Reiman,Unknown,2022,Illinois,1.17,0.0,0,0,0,0,0,,0,0,0,,19,174,1,9.2
Tip Reiman,Unknown,2023,Illinois,3.84,0.0,0,0,0,0,0,,0,0,0,,19,203,3,10.7
Blake Corum,Unknown,2020,Michigan,3.25,0.0,0,0,0,0,0,,26,77,2,3.0,5,73,0,14.6
Blake Corum,Unknown,2021,Michigan,6.23,0.0,0,0,0,0,0,,143,952,11,6.7,24,141,1,5.9
Blake Corum,Unknown,2022,Michigan,2.73,0.0,0,0,0,0,0,,247,1463,18,5.9,11,80,1,7.3
Blake Corum,Unknown,2023,Michigan,5.61,0.0,0,0,0,0,0,,258,1245,27,4.8,16,117,1,7.3
Jalen McMillan,Unknown,2020,Washington,-5.89,0.0,0,0,0,0,0,,2,14,0,7.0,1,16,0,16.0
Jalen McMillan,Unknown,2021,Washington,-0.9,0.0,0,1,0,0,0,0.0,0,0,0,,39,470,3,12.1
Jalen McMillan,Unknown,2022,Washington,0.64,0.0,0,0,0,0,0,,1,2,0,2.0,79,1098,9,13.9
Jalen McMillan,Unknown,2023,Washington,7.83,0.0,1,2,9,0,0,87.8,3,30,1,10.0,45,559,5,12.4
Payton Wilson,Unknown,2019,North Carolina State,-0.91,0.0,0,0,0,0,0,,1,9,0,9.0,0,0,0,
Payton Wilson,Unknown,2023,North Carolina State,3.03,0.0,0,0,0,0,0,,1,3,0,3.0,0,0,0,
Luke McCaffrey,Unknown,2019,Nebraska,4.0,0.0,9,12,142,2,0,229.4,24,166,1,6.9,1,12,0,12.0
Luke McCaffrey,Unknown,2020,Nebraska,5.14,0.0,48,76,466,1,6,103.2,65,364,3,5.6,1,5,0,5.0
Luke McCaffrey,Unknown,2021,Rice,-1.52,0.0,31,62,313,2,4,90.1,41,132,2,3.2,0,0,0,
Luke McCaffrey,Unknown,2022,Rice,-3.75,0.0,0,0,0,0,0,,12,148,1,12.3,58,723,6,12.5
Luke McCaffrey,Unknown,2023,Rice,-3.02,0.0,0,2,0,0,0,0.0,15,117,0,7.8,71,992,13,14.0
Ja'Tavion Sanders,Unknown,2022,Texas,8.16,0.0,0,0,0,0,0,,0,0,0,,54,613,5,11.4
Ja'Tavion Sanders,Unknown,2023,Texas,6.61,0.0,0,0,0,0,0,,1,12,0,12.0,45,682,2,15.2
Troy Franklin,Unknown,2021,Oregon,1.93,0.0,0,0,0,0,0,,0,0,0,,18,209,2,11.6
Troy Franklin,Unknown,2022,Oregon,3.67,0.0,0,0,0,0,0,,0,0,0,,61,891,9,14.6
Troy Franklin,Unknown,2023,Oregon,3.3,0.0,0,0,0,0,0,,0,0,0,,81,1383,14,17.1
Theo Johnson,Unknown,2020,Penn State,3.99,0.0,0,0,0,0,0,,0,0,0,,4,56,0,14.0
Theo Johnson,Unknown,2021,Penn State,5.53,0.0,0,0,0,0,0,,0,0,0,,19,213,1,11.2
Theo Johnson,Unknown,2022,Penn State,4.02,0.0,0,0,0,0,0,,0,0,0,,20,328,4,16.4
Theo Johnson,Unknown,2023,Penn State,4.08,0.0,0,0,0,0,0,,0,0,0,,34,341,7,10.0
Javon Baker,Unknown,2020,Alabama,9.72,0.0,0,0,0,0,0,,0,0,0,,2,15,0,7.5
Javon Baker,Unknown,2021,Alabama,5.69,0.0,0,0,0,0,0,,0,0,0,,7,101,1,14.4
Javon Baker,Unknown,2022,UCF,0.74,0.0,0,0,0,0,0,,0,0,0,,56,796,5,14.2
Javon Baker,Unknown,2023,UCF,1.11,0.0,0,0,0,0,0,,0,0,0,,52,1139,7,21.9
Erick All,Unknown,2019,Michigan,7.88,0.0,0,0,0,0,0,,0,0,0,,1,10,0,10.0
Erick All,Unknown,2020,Michigan,3.25,0.0,0,0,0,0,0,,0,0,0,,12,82,0,6.8
Erick All,Unknown,2021,Michigan,6.23,0.0,0,0,0,0,0,,0,0,0,,38,437,2,11.5
Erick All,Unknown,2022,Michigan,2.73,0.0,0,0,0,0,0,,0,0,0,,3,36,0,12.0
Erick All,Unknown,2023,Iowa,4.05,0.0,0,0,0,0,0,,0,0,0,,21,299,3,14.2
Jaylen Wright,Unknown,2021,Tennessee,3.5,0.0,0,0,0,0,0,,85,409,4,4.8,6,22,0,3.7
Jaylen Wright,Unknown,2022,Tennessee,4.98,0.0,0,0,0,0,0,,146,875,10,6.0,2,8,0,4.0
Jaylen Wright,Unknown,2023,Tennessee,3.23,0.0,0,0,0,0,0,,137,1013,4,7.4,22,141,0,6.4
AJ Barner,Unknown,2021,Indiana,8.63,0.0,0,0,0,0,0,,0,0,0,,14,162,1,11.6
AJ Barner,Unknown,2022,Indiana,5.03,0.0,0,0,0,0,0,,0,0,0,,28,199,3,7.1
AJ Barner,Unknown,2023,Michigan,5.61,0.0,0,0,0,0,0,,0,0,0,,22,249,1,11.3
Cade Stover,Unknown,2021,Ohio State,5.53,0.0,0,0,0,0,0,,0,0,0,,5,76,0,15.2
Cade Stover,Unknown,2022,Ohio State,5.2,0.0,0,0,0,0,0,,0,0,0,,36,406,5,11.3
Cade Stover,Unknown,2023,Ohio State,5.64,0.0,0,0,0,0,0,,0,0,0,,41,576,5,14.0
Bucky Irving,Unknown,2021,Minnesota,2.94,0.0,0,0,0,0,0,,133,699,4,5.3,8,73,0,9.1
Bucky Irving,Unknown,2022,Oregon,3.67,0.0,2,2,36,1,0,416.2,156,1058,5,6.8,31,299,3,9.6
Bucky Irving,Unknown,2023,Oregon,3.3,0.0,0,1,0,0,0,0.0,186,1180,11,6.3,56,413,2,7.4
Will Shipley,Unknown,2021,Clemson,2.66,0.0,1,1,2,1,0,446.8,149,738,11,5.0,16,116,0,7.3
Will Shipley,Unknown,2022,Clemson,3.3,0.0,0,0,0,0,0,,210,1182,15,5.6,38,242,0,6.4
Will Shipley,Unknown,2023,Clemson,3.28,0.0,0,0,0,0,0,,167,827,5,5.0,31,244,2,7.9
Isaac Guerendo,Unknown,2019,Wisconsin,7.73,0.0,0,0,0,0,0,,1,1,0,1.0,1,3,0,3.0
Isaac Guerendo,Unknown,2020,Wisconsin,4.33,0.0,0,0,0,0,0,,11,36,0,3.3,0,0,0,
Isaac Guerendo,Unknown,2021,Wisconsin,6.8,0.0,0,0,0,0,0,,23,160,1,7.0,2,6,0,3.0
Isaac Guerendo,Unknown,2022,Wisconsin,2.29,0.0,0,0,0,0,0,,64,385,5,6.0,17,115,1,6.8
Isaac Guerendo,Unknown,2023,Louisville,3.64,0.0,0,0,0,0,0,,132,810,11,6.1,22,234,0,10.6
Jared Wiley,Unknown,2019,Texas,5.8,0.0,0,0,0,0,0,,0,0,0,,1,15,0,15.0
Jared Wiley,Unknown,2020,Texas,3.75,0.0,0,0,0,0,0,,0,0,0,,9,166,1,18.4
Jared Wiley,Unknown,2021,Texas,4.86,0.0,0,0,0,0,0,,0,0,0,,9,67,2,7.4
Jared Wiley,Unknown,2022,Texas Christian,7.45,0.0,0,0,0,0,0,,0,0,0,,24,245,4,10.2
Jared Wiley,Unknown,2023,Texas Christian,4.48,0.0,0,0,0,0,0,,0,0,0,,47,520,8,11.1
Sione Vaki,Unknown,2023,Utah,4.43,0.0,0,0,0,0,0,,42,317,2,7.5,11,203,3,18.5
Braelon Allen,Unknown,2021,Wisconsin,6.8,0.0,0,0,0,0,0,,186,1268,12,6.8,8,39,0,4.9
Braelon Allen,Unknown,2022,Wisconsin,2.29,0.0,2,3,33,1,0,269.1,230,1242,11,5.4,13,104,0,8.0
Braelon Allen,Unknown,2023,Wisconsin,2.59,0.0,0,0,0,0,0,,181,984,12,5.4,28,132,0,4.7
Jacob Cowing,Unknown,2019,UTEP,-8.52,0.0,0,0,0,0,0,,0,0,0,,31,550,3,17.7
Jacob Cowing,Unknown,2020,UTEP,-11.41,0.0,0,0,0,0,0,,0,0,0,,41,691,3,16.9
Jacob Cowing,Unknown,2021,UTEP,-5.61,0.0,0,0,0,0,0,,4,75,1,18.8,69,1354,7,19.6
Jacob Cowing,Unknown,2022,Arizona,3.01,0.0,0,0,0,0,0,,3,1,0,0.3,85,1034,7,12.2
Jacob Cowing,Unknown,2023,Arizona,2.42,0.0,1,1,-2,0,0,83.2,5,26,0,5.2,90,848,13,9.4
Anthony Gould,Unknown,2021,Oregon State,0.09,0.0,0,0,0,0,0,,5,50,1,10.0,13,185,1,14.2
Anthony Gould,Unknown,2022,Oregon State,2.33,0.0,0,0,0,0,0,,2,11,0,5.5,27,457,3,16.9
Anthony Gould,Unknown,2023,Oregon State,4.42,0.0,0,0,0,0,0,,4,22,0,5.5,44,718,2,16.3
Audric Estime,Unknown,2021,Notre Dame,3.85,0.0,0,0,0,0,0,,7,60,0,8.6,0,0,0,
Audric Estime,Unknown,2022,Notre Dame,3.8,0.0,0,0,0,0,0,,156,920,11,5.9,9,135,1,15.0
Audric Estime,Unknown,2023,Notre Dame,2.02,0.0,0,0,0,0,0,,210,1341,18,6.4,17,142,0,8.4
Bub Means,Unknown,2021,Louisiana Tech,-2.98,0.0,1,1,22,0,0,284.8,1,-8,0,-8.0,22,430,2,19.5
Bub Means,Unknown,2022,Pitt,0.8,0.0,0,0,0,0,0,,3,10,0,3.3,27,401,2,14.9
Bub Means,Unknown,2023,Pitt,3.14,0.0,0,0,0,0,0,,0,0,0,,41,721,6,17.6
Jha'Quan Jackson,Unknown,2019,Tulane,1.21,0.0,0,0,0,0,0,,0,0,0,,2,31,1,15.5
Jha'Quan Jackson,Unknown,2020,Tulane,-4.3,0.0,0,0,0,0,0,,2,31,1,15.5,31,425,8,13.7
Jha'Quan Jackson,Unknown,2021,Tulane,2.89,0.0,0,0,0,0,0,,4,26,0,6.5,17,294,1,17.3
Jha'Quan Jackson,Unknown,2022,Tulane,0.39,0.0,0,0,0,0,0,,1,8,0,8.0,33,554,3,16.8
Jha'Quan Jackson,Unknown,2023,Tulane,-2.51,0.0,0,0,0,0,0,,5,51,0,10.2,26,439,4,16.9
Johnny Wilson,Unknown,2020,Arizona State,-4.0,0.0,0,0,0,0,0,,1,0,0,0.0,6,89,0,14.8
Johnny Wilson,Unknown,2021,Arizona State,-0.74,0.0,0,0,0,0,0,,0,0,0,,12,154,1,12.8
Johnny Wilson,Unknown,2022,Florida State,3.38,0.0,0,0,0,0,0,,0,0,0,,43,897,5,20.9
Johnny Wilson,Unknown,2023,Florida State,2.94,0.0,0,0,0,0,0,,0,0,0,,41,617,2,15.0
Jordan Whittington,Unknown,2019,Texas,5.8,0.0,0,0,0,0,0,,0,0,0,,2,17,0,8.5
Jordan Whittington,Unknown,2020,Texas,3.75,0.0,0,0,0,0,0,,3,50,1,16.7,21,206,0,9.8
Jordan Whittington,Unknown,2021,Texas,4.86,0.0,0,0,0,0,0,,1,8,0,8.0,26,377,3,14.5
Jordan Whittington,Unknown,2022,Texas,8.16,0.0,0,0,0,0,0,,0,0,0,,50,652,1,13.0
Jordan Whittington,Unknown,2023,Texas,6.61,0.0,0,0,0,0,0,,3,18,0,6.0,42,505,1,12.0
Jaheim Bell,Unknown,2020,South Carolina,7.42,0.0,0,0,0,0,0,,0,0,0,,1,29,0,29.0
Jaheim Bell,Unknown,2021,South Carolina,3.31,0.0,0,0,0,0,0,,7,40,0,5.7,30,497,5,16.6
Jaheim Bell,Unknown,2022,South Carolina,4.17,0.0,0,0,0,0,0,,73,261,3,3.6,25,231,2,9.2
Jaheim Bell,Unknown,2023,Florida State,2.94,0.0,0,0,0,0,0,,4,2,1,0.5,39,503,2,12.9
Devaughn Vele,Unknown,2020,Utah,-2.93,0.0,0,0,0,0,0,,0,0,0,,2,12,0,6.0
Devaughn Vele,Unknown,2021,Utah,1.62,0.0,0,0,0,0,0,,0,0,0,,23,389,1,16.9
Devaughn Vele,Unknown,2022,Utah,3.09,0.0,1,1,9,0,0,175.6,2,-4,0,-2.0,55,695,5,12.6
Devaughn Vele,Unknown,2023,Utah,4.43,0.0,1,3,6,0,0,50.1,0,0,0,,43,593,3,13.8
AJ Barner,N/A,Career Totals,,6.423333333333335,0.0,0,0,0,0,0,,0,0,0,,64,610,5,
Adonai Mitchell,N/A,Career Totals,,6.170000000000001,0.0,0,0,0,0,0,,2,1,0,,93,1405,18,
Anthony Brown,N/A,Career Totals,,2.442857142857143,23.0,638,1093,7891,60,27,,288,1160,15,,9,135,4,
Anthony Gould,N/A,Career Totals,,2.28,0.0,0,0,0,0,0,,11,83,1,,84,1360,6,
Audric Estime,N/A,Career Totals,,3.223333333333333,0.0,0,0,0,0,0,,373,2321,29,,26,277,1,
Ben Sinnott,N/A,Career Totals,,5.156666666666666,0.0,0,0,0,0,0,,3,12,1,,82,1138,10,
Blake Corum,N/A,Career Totals,,4.455,0.0,0,0,0,0,0,,674,3737,58,,56,411,3,
Bo Nix,N/A,Career Totals,,5.9879999999999995,0.0,1286,1936,15351,113,26,,405,1613,38,,2,36,1,
Braden Smith,N/A,Career Totals,,1.7925,36.0,6,13,190,2,1,,3,3,0,,102,1210,6,
Braelon Allen,N/A,Career Totals,,3.893333333333333,0.0,2,3,33,1,0,,597,3494,35,,49,275,0,
Brock Bowers,N/A,Career Totals,,5.036666666666666,0.0,0,0,0,0,0,,19,193,5,,175,2538,26,
Bub Means,N/A,Career Totals,,0.32,0.0,1,1,22,0,0,,4,2,0,,90,1552,10,
Bucky Irving,N/A,Career Totals,,3.3033333333333332,0.0,2,3,36,1,0,,475,2937,20,,95,785,5,
Cade Stover,N/A,Career Totals,,5.456666666666667,0.0,0,0,0,0,0,,0,0,0,,82,1058,10,
Caleb Williams,N/A,Career Totals,,3.893333333333333,0.0,735,1099,10082,93,14,,289,966,27,,1,15,0,
Carlos Davis,N/A,Career Totals,,-2.4050000000000002,1.0,62,101,886,6,3,,247,965,5,,17,147,0,
Cole Turner,N/A,Career Totals,,-1.8483333333333334,1.0,0,0,0,0,0,,0,0,0,,128,1559,20,
Cooper DeJean,N/A,Career Totals,,4.05,0.0,0,0,0,0,0,,1,8,0,,0,0,0,
Devaughn Vele,N/A,Career Totals,,1.5524999999999998,0.0,2,4,15,0,0,,2,-4,0,,123,1689,9,
Erick All,N/A,Career Totals,,4.828,0.0,0,0,0,0,0,,0,0,0,,75,864,5,
Greg Gaines,N/A,Career Totals,,5.285,13.0,0,0,0,0,0,,0,0,0,,3,14,0,
Isaac Guerendo,N/A,Career Totals,,4.958,0.0,0,0,0,0,0,,231,1392,17,,42,358,1,
Isaiah Johnson,N/A,Career Totals,,-4.553333333333334,1.0,0,0,0,0,0,,190,902,12,,46,389,3,
Ja'Tavion Sanders,N/A,Career Totals,,7.385,0.0,0,0,0,0,0,,1,12,0,,99,1295,7,
Jacob Cowing,N/A,Career Totals,,-4.022,0.0,1,1,-2,0,0,,12,102,1,,316,4477,33,
Jaheim Bell,N/A,Career Totals,,4.46,0.0,0,0,0,0,0,,84,303,4,,95,1260,9,
Jake Bailey,N/A,Career Totals,,-1.8066666666666666,7.0,0,0,0,0,0,,5,57,0,,142,1776,5,
Jalen McMillan,N/A,Career Totals,,0.42000000000000015,0.0,1,3,9,0,0,,6,46,1,,164,2143,17,
Jared Wiley,N/A,Career Totals,,5.268,0.0,0,0,0,0,0,,0,0,0,,90,1013,15,
Javon Baker,N/A,Career Totals,,4.315,0.0,0,0,0,0,0,,0,0,0,,117,2051,13,
Jayden Daniels,N/A,Career Totals,,1.6659999999999997,0.0,953,1438,12749,89,20,,617,3307,34,,1,5,1,
Jaylen Wright,N/A,Career Totals,,3.9033333333333338,0.0,0,0,0,0,0,,368,2297,18,,30,171,0,
Jermaine Burton,N/A,Career Totals,,6.3275,0.0,0,0,0,0,0,,4,50,0,,132,2376,22,
Jha'Quan Jackson,N/A,Career Totals,,-0.46399999999999986,0.0,0,0,0,0,0,,12,116,1,,109,1743,17,
Joe Jackson,N/A,Career Totals,,5.09,0.0,0,0,0,0,0,,4,1,0,,0,0,0,
Johnny Wilson,N/A,Career Totals,,0.3949999999999999,0.0,0,0,0,0,0,,1,0,0,,102,1757,8,
Jordan Jenkins,N/A,Career Totals,,4.34,28.0,0,0,0,0,0,,5,27,0,,0,0,0,
Jordan Smith,N/A,Career Totals,,-2.5500000000000003,0.0,0,0,0,0,0,,1,18,0,,68,819,8,
Jordan Whittington,N/A,Career Totals,,5.836,0.0,0,0,0,0,0,,7,76,1,,141,1757,5,
Justin Jones,N/A,Career Totals,,3.39,14.0,0,0,0,0,0,,4,33,0,,0,0,0,
Keon Coleman,N/A,Career Totals,,4.56,0.0,0,0,0,0,0,,1,2,0,,115,1506,19,
Ladd McConkey,N/A,Career Totals,,5.036666666666666,0.0,0,0,0,0,0,,13,216,4,,119,1687,14,
Luke McCaffrey,N/A,Career Totals,,0.16999999999999993,0.0,88,152,921,5,10,,157,927,7,,131,1732,19,
Malachi Corley,N/A,Career Totals,,-4.365,0.0,0,0,0,0,0,,16,92,0,,259,3035,29,
Malik Nabers,N/A,Career Totals,,5.336666666666666,0.0,2,2,50,1,0,,6,29,0,,189,3003,21,
Marshawn Kneeland,N/A,Career Totals,,-5.04,0.0,0,0,0,0,0,,2,1,1,,0,0,0,
Marvin Harrison Jr.,N/A,Career Totals,,5.456666666666667,0.0,0,0,0,0,0,,4,58,1,,155,2613,31,
Nick Harris,N/A,Career Totals,,-2.67,4.0,0,0,0,0,0,,0,0,0,,1,4,1,
Payton Wilson,N/A,Career Totals,,1.0599999999999998,0.0,0,0,0,0,0,,2,12,0,,0,0,0,
Rome Odunze,N/A,Career Totals,,0.42000000000000015,0.0,0,0,0,0,0,,10,40,2,,214,3272,24,
Sione Vaki,N/A,Career Totals,,4.43,0.0,0,0,0,0,0,,42,317,2,,11,203,3,
Theo Johnson,N/A,Career Totals,,4.405,0.0,0,0,0,0,0,,0,0,0,,77,938,12,
Tip Reiman,N/A,Career Totals,,3.206666666666667,0.0,0,0,0,0,0,,0,0,0,,41,420,5,
Trey Benson,N/A,Career Totals,,2.75,0.0,0,0,0,0,0,,316,1918,24,,33,371,1,
Troy Franklin,N/A,Career Totals,,2.9666666666666663,0.0,0,0,0,0,0,,0,0,0,,160,2483,25,
Tyler Davis,N/A,Career Totals,,0.34199999999999997,0.0,3,4,58,0,0,,1,-6,0,,64,648,8,
Will Shipley,N/A,Career Totals,,3.08,0.0,1,1,2,1,0,,526,2747,31,,85,602,2,
Xavier Legette,N/A,Career Totals,,5.314,0.0,0,0,0,0,0,,16,12,0,,113,1678,12,
Xavier Worthy,N/A,Career Totals,,6.543333333333333,0.0,2,3,68,1,0,,7,56,0,,197,2755,26,
Zach Evans,N/A,Career Totals,,3.75,0.0,0,0,0,0,0,,342,2229,19,,32,340,2,
