Rk,Player,Age,Team,Pos,G,GS,Tgt,Rec,Yds,1D,YBC,YBC/R,YAC,YAC/R,ADOT,BrkTkl,Rec/Br,Drop,Drop%,Int,Rat,Awards,-9999
1,CeeDee Lamb,24,DAL,WR,17,17,181,135,1749,80,1069,7.9,680,5.0,9.5,11,12.3,6,3.3,1,124.3,PBAP-1AP OPoY-3,LambCe00
2,Tyreek Hill,29,MIA,WR,16,16,171,119,1799,83,1147,9.6,652,5.5,10.8,12,9.9,12,7.0,5,117.1,PBAP-1AP MVP-6AP OPoY-2,HillTy00
3,Amon-Ra St. Brown,24,DET,WR,16,16,164,119,1515,75,847,7.1,668,5.6,7.8,10,11.9,8,4.9,3,113.7,PBAP-1,StxxAm00
4,Evan Engram,29,JAX,TE,17,15,143,114,963,47,455,4.0,508,4.5,5.0,5,22.8,7,4.9,3,95.3,PB,EngrEv00
5,Michael Pittman Jr.,26,IND,WR,16,15,156,109,1152,53,639,5.9,513,4.7,7.9,3,36.3,3,1.9,6,83.6,,PittMi01
6,Keenan Allen,31,LAC,WR,13,13,150,108,1243,57,847,7.8,396,3.7,9.6,5,21.6,5,3.3,2,106.6,PB,AlleKe00
7,Stefon Diggs,30,BUF,WR,17,17,160,107,1183,58,784,7.3,399,3.7,10.3,11,9.7,8,5.0,4,94.9,PB,DiggSt00
8,A.J. Brown,26,PHI,WR,17,17,158,106,1456,70,983,9.3,473,4.5,11.7,12,8.8,7,4.4,4,100.6,PBAP-2,BrowAJ00
9,Puka Nacua,22,LAR,WR,17,17,160,105,1486,68,854,8.1,632,6.0,9.1,7,15.0,13,8.1,3,100.2,PBAP-2AP ORoY-2,NacuPu00
10,Davante Adams,31,LVR,WR,17,17,175,103,1144,59,808,7.8,336,3.3,10.9,2,51.5,8,4.6,6,79.3,,AdamDa01
11,Adam Thielen,33,CAR,WR,17,17,137,103,1014,56,669,6.5,345,3.3,7.5,2,51.5,7,5.1,1,102.3,,ThieAd00
12,Ja'Marr Chase,23,CIN,WR,16,16,145,100,1216,63,675,6.8,541,5.4,8.4,6,16.7,5,3.4,2,104.8,PB,ChasJa00
13,D.J. Moore,26,CHI,WR,17,17,136,96,1364,64,825,8.6,539,5.6,10.9,9,10.7,4,2.9,3,113.1,,MoorD.00
14,T.J. Hockenson,26,MIN,TE,15,11,127,95,960,48,624,6.6,336,3.5,7.7,4,23.8,4,3.1,1,105.8,,HockTJ00
15,Garrett Wilson,23,NYJ,WR,17,17,168,95,1042,47,715,7.5,327,3.4,10.2,9,10.6,7,4.2,6,66.1,,WilsGa00
16,Travis Kelce,34,KAN,TE,15,15,121,93,984,50,515,5.5,469,5.0,6.7,4,23.3,7,5.8,2,106.9,PB,KelcTr00
17,Chris Olave,23,NOR,WR,16,11,138,87,1123,57,776,8.9,347,4.0,13.3,3,29.0,6,4.3,3,91.5,,OlavCh00
18,Sam LaPorta,22,DET,TE,17,14,120,86,889,48,531,6.2,358,4.2,7.1,9,9.6,5,4.2,3,110.0,PBAP-2AP ORoY-3,LaPoSa01
19,Chris Godwin,27,TAM,WR,17,17,130,83,1024,53,639,7.7,385,4.6,9.0,2,41.5,5,3.8,3,83.6,,GodwCh00
20,Trey McBride,24,ARI,TE,17,12,106,81,825,42,386,4.8,439,5.4,6.0,10,8.1,3,2.8,4,91.9,,McBrTr01
21,David Njoku,27,CLE,TE,16,16,123,81,882,35,283,3.5,599,7.4,4.5,10,8.1,11,8.9,4,89.5,PB,NjokDa00
22,DeVonta Smith,25,PHI,WR,16,16,112,81,1066,47,772,9.5,294,3.6,12.1,4,20.3,5,4.5,3,111.7,,SmitDe07
23,Nico Collins,24,HOU,WR,15,10,109,80,1297,53,748,9.4,549,6.9,10.9,16,5.0,2,1.8,2,129.6,,CollNi00
24,Mike Evans,30,TAM,WR,17,17,136,79,1255,54,933,11.8,322,4.1,14.0,2,39.5,7,5.1,3,111.6,PBAP-2,EvanMi00
25,Tyler Lockett,31,SEA,WR,17,17,122,79,894,47,684,8.7,210,2.7,10.8,1,79.0,5,4.1,4,86.6,,LockTy00
26,Terry McLaurin,28,WAS,WR,17,17,132,79,1002,47,652,8.3,350,4.4,11.5,4,19.8,5,3.8,4,81.1,,McLaTe00
27,Rashee Rice,23,KAN,WR,16,8,102,79,938,44,285,3.6,653,8.3,4.8,3,26.3,8,7.8,1,123.7,AP ORoY-6,RiceRa01
28,Zay Flowers,23,BAL,WR,16,16,108,77,858,41,467,6.1,391,5.1,8.4,10,7.7,4,3.7,1,106.2,AP ORoY-6,FlowZa00
29,Breece Hall,22,NYJ,RB,17,16,95,76,591,28,-58,-0.8,649,8.5,-0.5,10,7.6,5,5.3,1,102.2,AP CPoY-7,HallBr03
30,Calvin Ridley,29,JAX,WR,17,17,136,76,1016,49,822,10.8,194,2.6,13.2,1,76.0,6,4.4,3,90.2,AP CPoY-7,RidlCa00
31,Brandon Aiyuk,25,SFO,WR,16,16,105,75,1342,61,960,12.8,382,5.1,13.8,2,37.5,2,1.9,3,124.0,AP-2,AiyuBr00
32,DeAndre Hopkins,31,TEN,WR,17,16,137,75,1057,48,834,11.1,223,3.0,14.1,4,18.8,4,2.9,6,78.6,,HopkDe00
33,Alvin Kamara,28,NOR,RB,13,12,86,75,466,23,-35,-0.5,501,6.7,0.1,9,8.3,2,2.3,0,93.1,,KamaAl00
34,Dalton Kincaid,24,BUF,TE,16,11,91,73,673,29,362,5.0,311,4.3,6.0,3,24.3,4,4.4,2,95.7,,KincDa00
35,Cole Kmet,24,CHI,TE,17,17,90,73,719,36,429,5.9,290,4.0,6.2,4,18.3,1,1.1,2,112.9,,KmetCo00
36,Amari Cooper,29,CLE,WR,15,15,128,72,1250,50,979,13.6,271,3.8,14.3,2,36.0,7,5.5,6,83.1,PB,CoopAm00
37,Jaylen Waddle,25,MIA,WR,14,14,104,72,1014,47,593,8.2,421,5.8,10.1,6,12.0,4,3.8,3,101.2,,WaddJa00
38,Jake Ferguson,24,DAL,TE,17,16,102,71,761,40,336,4.7,425,6.0,5.1,6,11.8,5,4.9,1,103.4,PB,FergJa00
39,Jakobi Meyers,27,LVR,WR,16,16,106,71,807,46,565,8.0,242,3.4,9.7,6,11.8,2,1.9,4,99.1,,MeyeJa01
40,Jordan Addison,21,MIN,WR,17,14,108,70,911,38,649,9.3,262,3.7,12.5,4,17.5,3,2.8,8,91.2,,AddiJo00
41,Drake London,22,ATL,WR,16,16,110,69,905,45,717,10.4,188,2.7,11.5,2,34.5,4,3.6,4,79.5,,LondDr00
42,Josh Downs,22,IND,WR,17,9,98,68,771,30,400,5.9,371,5.5,7.2,2,34.0,5,5.1,1,95.2,,DownJo00
43,Justin Jefferson,24,MIN,WR,10,9,100,68,1074,51,814,12.0,260,3.8,12.6,2,34.0,1,1.0,3,107.7,,JeffJu00
44,Tyler Boyd,29,CIN,WR,17,13,98,67,667,28,388,5.8,279,4.2,6.5,2,33.5,5,5.1,4,77.2,,BoydTy00
45,Christian McCaffrey,27,SFO,RB,16,16,83,67,564,31,103,1.5,461,6.9,1.8,2,33.5,0,0.0,2,113.1,PBAP-1AP MVP-3AP OPoY-1,McCaCh01
46,D.K. Metcalf,26,SEA,WR,16,16,119,66,1114,52,747,11.3,367,5.6,12.8,7,9.4,7,5.9,4,95.7,PB,MetcDK00
47,George Kittle,30,SFO,TE,16,16,90,65,1020,42,537,8.3,483,7.4,9.5,5,13.0,4,4.4,2,122.5,PBAP-1,KittGe00
48,Jayden Reed,23,GNB,WR,16,13,94,64,793,32,458,7.2,335,5.2,10.3,3,21.3,3,3.2,1,117.9,AP ORoY-6,ReedJa03
49,Rachaad White,24,TAM,RB,17,17,70,64,549,23,-62,-1.0,611,9.5,-0.5,8,8.0,2,2.9,0,113.6,,WhitRa01
50,George Pickens,22,PIT,WR,17,16,106,63,1140,42,752,11.9,388,6.2,13.5,5,12.6,2,1.9,3,100.4,,PickGe00
51,Jaxon Smith-Njigba,21,SEA,WR,17,3,93,63,628,29,262,4.2,366,5.8,6.1,3,21.0,10,10.8,2,92.0,,SmitJa06
52,Curtis Samuel,27,WAS,WR,16,13,91,62,613,26,353,5.7,260,4.2,6.6,4,15.5,2,2.2,4,83.3,,SamuCu00
53,Tyler Conklin,28,NYJ,TE,17,12,87,61,621,27,376,6.2,245,4.0,6.9,2,30.5,2,2.3,1,85.5,,ConkTy00
54,Jaylen Warren,25,PIT,RB,17,0,74,61,370,19,-116,-1.9,486,8.0,-1.6,7,8.7,5,6.8,0,87.5,,WarrJa01
55,Wan'Dale Robinson,22,NYG,WR,15,8,78,60,525,29,238,4.0,287,4.8,5.3,5,12.0,3,3.8,0,98.5,,RobiWa01
56,Deebo Samuel,27,SFO,WR,15,15,89,60,892,34,365,6.1,527,8.8,6.6,13,4.6,2,2.2,2,116.9,,SamuDe00
57,Romeo Doubs,23,GNB,WR,17,16,96,59,674,41,540,9.2,134,2.3,11.7,1,59.0,6,6.3,3,97.3,,DoubRo00
58,Dallas Goedert,28,PHI,TE,14,14,83,59,592,33,273,4.6,319,5.4,5.4,2,29.5,2,2.4,3,88.0,,GoedDa00
59,Cooper Kupp,30,LAR,WR,12,12,95,59,737,33,415,7.0,322,5.5,8.3,5,11.8,4,4.2,3,90.5,,KuppCo00
60,Elijah Moore,23,CLE,WR,17,12,104,59,640,29,449,7.6,191,3.2,11.0,4,14.8,5,4.8,2,73.4,,MoorEl00
61,Dalton Schultz,27,HOU,TE,15,8,88,59,635,35,376,6.4,259,4.4,7.5,8,7.4,3,3.4,2,97.5,,SchuDa00
62,Courtland Sutton,28,DEN,WR,16,14,90,59,772,37,616,10.4,156,2.6,11.8,0,,6,6.7,2,120.2,,SuttCo00
63,Travis Etienne,24,JAX,RB,17,17,73,58,476,23,-41,-0.7,517,8.9,-0.8,12,4.8,4,5.5,0,98.4,AP OPoY-8,EtieTr00
64,Bijan Robinson,21,ATL,RB,17,16,86,58,487,24,-32,-0.6,519,8.9,0.3,10,5.8,6,7.0,3,82.8,AP ORoY-5,RobiBi01
65,Christian Kirk,27,JAX,WR,12,12,85,57,787,34,540,9.5,247,4.3,9.9,3,19.0,4,4.7,2,98.5,,KirkCh01
66,Tony Pollard,26,DAL,RB,17,17,67,55,311,12,-10,-0.2,321,5.8,0.4,14,3.9,6,9.0,0,86.0,,PollTo00
67,Logan Thomas,32,WAS,TE,16,15,78,55,496,21,267,4.9,229,4.2,6.1,1,55.0,2,2.6,2,93.7,,ThomLo00
68,Brandin Cooks,30,DAL,WR,16,15,81,54,657,38,532,9.9,125,2.3,13.2,0,,3,3.7,4,103.8,,CookBr00
69,Jerry Jeudy,24,DEN,WR,16,11,87,54,758,28,435,8.1,323,6.0,12.7,4,13.5,2,2.3,3,83.4,,JeudJe00
70,Chigoziem Okonkwo,24,TEN,TE,17,11,77,54,528,25,268,5.0,260,4.8,6.8,5,10.8,6,7.8,1,88.0,,OkonCh00
71,Kyle Pitts,23,ATL,TE,17,15,90,53,667,35,533,10.1,134,2.5,11.4,0,,4,4.4,2,83.9,,PittKy00
72,Jahmyr Gibbs,21,DET,RB,15,3,71,52,316,20,2,0.0,314,6.0,0.1,7,7.4,8,11.3,1,80.5,PBAP ORoY-4,GibbJa01
73,Joe Mixon,27,CIN,RB,17,17,64,52,376,14,-87,-1.7,463,8.9,-1.8,7,7.4,4,6.3,1,100.3,,MixoJo00
74,Tyjae Spears,22,TEN,RB,17,1,70,52,385,17,-75,-1.4,460,8.8,-0.2,8,6.5,1,1.4,1,85.7,,SpeaTy00
75,Darren Waller,31,NYG,TE,12,11,74,52,552,25,341,6.6,211,4.1,8.0,0,,3,4.1,2,85.0,,WallDa01
76,Marquise Brown,26,ARI,WR,14,14,101,51,574,32,410,8.0,164,3.2,11.9,2,25.5,4,4.0,2,72.8,,BrowMa04
77,Austin Ekeler,28,LAC,RB,14,14,74,51,436,20,-77,-1.5,513,10.1,-1.0,7,7.3,6,8.1,1,82.9,,EkelAu00
78,Ezekiel Elliott,28,NWE,RB,17,5,65,51,313,12,-61,-1.2,374,7.3,-0.6,8,6.4,2,3.1,0,97.0,,ElliEz00
79,Gerald Everett,29,LAC,TE,15,12,70,51,411,25,136,2.7,275,5.4,4.0,9,5.7,2,2.9,1,95.6,,EverGe00
80,Diontae Johnson,27,PIT,WR,13,11,87,51,717,37,456,8.9,261,5.1,12.7,4,12.8,2,2.3,1,99.6,,JohnDi01
81,Samaje Perine,28,DEN,RB,17,1,56,50,455,23,-7,-0.1,462,9.2,-0.1,6,8.3,1,1.8,0,100.5,,PeriSa00
82,Darius Slayton,26,NYG,WR,17,13,79,50,770,29,472,9.4,298,6.0,12.2,5,10.0,3,3.8,2,101.8,,SlayDa01
83,Jonnu Smith,28,ATL,TE,17,6,70,50,582,26,225,4.5,357,7.1,6.5,6,8.3,4,5.7,2,98.6,,SmitJo01
84,Jahan Dotson,23,WAS,WR,17,16,83,49,518,27,403,8.2,115,2.3,9.3,0,,5,6.0,7,58.2,,DotsJa00
85,Demario Douglas,23,NWE,WR,14,7,79,49,561,26,225,4.6,336,6.9,8.2,1,49.0,1,1.3,4,62.3,,DougDe00
86,Antonio Gibson,25,WAS,RB,16,2,59,48,389,19,12,0.3,377,7.9,0.0,6,8.0,2,3.4,1,98.4,,GibsAn00
87,K.J. Osborn,26,MIN,WR,16,12,75,48,540,28,355,7.4,185,3.9,8.8,1,48.0,5,6.7,3,82.1,,OsboKJ00
88,Tank Dell,24,HOU,WR,11,8,75,47,709,34,557,11.9,152,3.2,14.3,0,,4,5.3,2,113.7,,DellNa00
89,Tyler Higbee,30,LAR,TE,15,15,70,47,495,26,249,5.3,246,5.2,5.8,2,23.5,7,10.0,0,97.0,,HigbTy00
90,Cade Otton,24,TAM,TE,17,17,67,47,455,22,235,5.0,220,4.7,6.7,4,11.8,3,4.5,1,102.5,,OttoCa00
91,Javonte Williams,23,DEN,RB,16,13,58,47,228,10,-75,-1.6,303,6.4,-1.7,6,7.8,4,6.9,0,94.5,,WillJa10
92,Rashid Shaheed,25,NOR,WR,15,8,75,46,719,27,568,12.3,151,3.3,14.6,3,15.3,2,2.7,3,98.7,PBAP-1,ShahRa00
93,Mark Andrews,28,BAL,TE,10,9,61,45,544,27,328,7.3,216,4.8,7.3,4,11.3,3,4.9,0,133.5,,AndrMa00
94,Gabriel Davis,24,BUF,WR,17,17,81,45,746,34,566,12.6,180,4.0,15.2,2,22.5,3,3.7,6,84.7,,DaviGa01
95,James Cook,24,BUF,RB,17,13,54,44,445,16,47,1.1,398,9.0,2.5,7,6.3,6,11.1,0,125.7,PB,CookJa01
96,Jerome Ford,24,CLE,RB,17,12,63,44,319,16,15,0.3,304,6.9,0.5,4,11.0,9,14.3,0,107.8,,FordJe00
97,Isiah Pacheco,24,KAN,RB,14,13,49,44,244,12,-115,-2.6,359,8.2,-2.3,4,11.0,2,4.1,0,101.0,,PachIs00
98,Jonathan Mingo,22,CAR,WR,15,14,85,43,418,15,263,6.1,155,3.6,10.8,1,43.0,4,4.7,2,54.9,,MingJo00
99,Hunter Henry,29,NWE,TE,14,10,61,42,419,29,341,8.1,78,1.9,8.8,1,42.0,3,4.9,2,107.2,,HenrHu00
100,Tee Higgins,24,CIN,WR,12,11,76,42,656,33,421,10.0,235,5.6,12.8,0,,7,9.2,1,100.5,,HiggTe00
101,Saquon Barkley,26,NYG,RB,14,14,60,41,280,16,54,1.3,226,5.5,2.5,3,13.7,5,8.3,3,79.9,,BarkSa00
102,Rondale Moore,23,ARI,WR,17,8,62,40,352,17,136,3.4,216,5.4,5.2,2,20.0,3,4.8,0,84.9,,MoorRo02
103,Josh Reynolds,28,DET,WR,17,13,64,40,608,32,435,10.9,173,4.3,10.1,2,20.0,4,6.3,1,113.3,,ReynJo00
104,Robert Woods,31,HOU,WR,14,11,75,40,426,26,300,7.5,126,3.2,9.8,1,40.0,4,5.3,1,69.1,,WoodRo02
105,Tutu Atwell,24,LAR,WR,16,14,67,39,483,26,379,9.7,104,2.7,11.4,0,,4,6.0,2,83.1,,AtweTu00
106,Chuba Hubbard,24,CAR,RB,17,12,44,39,233,9,-36,-0.9,269,6.9,-0.8,5,7.8,1,2.3,1,79.3,,HubbCh01
107,Tanner Hudson,29,CIN,TE,12,1,50,39,352,21,204,5.2,148,3.8,5.4,2,19.5,1,2.0,1,94.3,,HudsTa00
108,Trey Palmer,22,TAM,WR,17,8,68,39,385,17,282,7.2,103,2.6,10.9,0,,4,5.9,1,82.0,,PalmTr00
109,Khalil Shakir,23,BUF,WR,17,10,45,39,611,26,329,8.4,282,7.2,8.9,0,,0,0.0,0,133.6,,ShakKh00
110,D'Andre Swift,24,PHI,RB,16,15,49,39,214,8,-53,-1.4,267,6.8,0.6,2,19.5,1,2.0,1,83.2,PB,SwifDA00
111,Michael Thomas,30,NOR,WR,10,7,64,39,448,21,348,8.9,100,2.6,10.2,2,19.5,3,4.7,1,80.7,,ThomMi05
112,Dontayvion Wicks,22,GNB,WR,15,6,58,39,581,29,371,9.5,210,5.4,10.1,5,7.8,3,5.2,1,115.7,,WickDo00
113,Quentin Johnston,22,LAC,WR,17,10,67,38,431,20,279,7.3,152,4.0,12.9,2,19.0,3,4.5,1,79.9,,JohnQu02
114,Josh Palmer,24,LAC,WR,10,6,61,38,581,22,385,10.1,196,5.2,11.4,1,38.0,3,4.9,1,97.8,,PalmJo00
115,Rhamondre Stevenson,25,NWE,RB,12,12,51,38,238,8,-23,-0.6,261,6.9,0.3,4,9.5,4,7.8,1,75.4,,StevRh00
116,Michael Wilson,23,ARI,WR,13,12,58,38,565,29,426,11.2,139,3.7,12.3,3,12.7,0,0.0,2,100.1,,WilsMi02
117,Kendrick Bourne,28,NWE,WR,8,5,55,37,406,15,203,5.5,203,5.5,10.4,2,18.5,1,1.8,3,90.4,,BourKe00
118,Josh Jacobs,25,LVR,RB,13,13,54,37,296,15,3,0.1,293,7.9,0.7,3,12.3,5,9.3,2,66.6,,JacoJo01
119,Juwan Johnson,27,NOR,TE,13,11,59,37,368,23,223,6.0,145,3.9,7.4,3,12.3,3,5.1,4,74.7,,JohnJu02
120,Brian Robinson Jr.,24,WAS,RB,15,15,43,36,368,15,-43,-1.2,411,11.4,-1.3,6,6.0,3,7.0,0,133.3,,RobiBr01
121,Nelson Agholor,30,BAL,WR,17,3,45,35,381,19,240,6.9,141,4.0,9.3,2,17.5,2,4.4,1,122.3,,AghoNe00
122,Odell Beckham Jr.,31,BAL,WR,14,6,64,35,565,27,410,11.7,155,4.4,13.9,0,,3,4.7,1,93.6,,BeckOd00
123,DJ Chark,27,CAR,WR,15,11,66,35,525,22,441,12.6,84,2.4,15.4,1,35.0,4,6.1,0,104.7,,CharDJ00
124,Kalif Raymond,29,DET,WR,17,3,44,35,489,20,275,7.9,214,6.1,8.8,1,35.0,2,4.5,0,120.5,,RaymKa00
125,Durham Smythe,28,MIA,TE,16,14,43,35,366,22,227,6.5,139,4.0,6.6,0,,1,2.3,0,102.1,,SmytDu00
126,Michael Gallup,27,DAL,WR,17,13,57,34,418,19,314,9.2,104,3.1,10.9,3,11.3,5,8.8,2,79.4,,GallMi00
127,Roschon Johnson,22,CHI,RB,15,0,40,34,209,6,-38,-1.1,247,7.3,-0.8,6,5.7,1,2.5,0,88.4,,JohnRo07
128,Zay Jones,28,JAX,WR,9,7,64,34,321,14,270,7.9,51,1.5,13.6,0,,1,1.6,2,64.6,,JoneZa00
129,Luke Musgrave,23,GNB,TE,11,9,46,34,352,14,183,5.4,169,5.0,7.5,0,,3,6.5,0,102.8,,MusgLu00
130,Allen Robinson,30,PIT,WR,17,17,49,34,280,9,212,6.2,68,2.0,7.6,0,,0,0.0,1,75.2,,RobiAl02
131,Noah Brown,27,HOU,WR,10,7,55,33,567,24,344,10.4,223,6.8,12.0,1,33.0,3,5.5,0,107.2,,BrowNo00
132,Zach Charbonnet,22,SEA,RB,16,2,40,33,209,7,-39,-1.2,248,7.5,-1.0,2,16.5,2,5.0,0,88.4,,CharZa00
133,Taysom Hill,33,NOR,TE/QB,16,7,40,33,291,11,158,4.8,133,4.0,5.2,3,11.0,1,2.5,0,113.6,,HillTa00
134,DeVante Parker,30,NWE,WR,13,13,55,33,394,17,268,8.1,126,3.8,11.6,2,16.5,3,5.5,2,66.8,,ParkDe01
135,Rashod Bateman,24,BAL,WR,16,12,56,32,367,20,308,9.6,59,1.8,14.5,1,32.0,4,7.1,3,60.6,,BateRa00
136,Noah Fant,26,SEA,TE,17,17,43,32,414,16,237,7.4,177,5.5,6.9,1,32.0,1,2.3,1,94.5,,FantNo00
137,Pat Freiermuth,25,PIT,TE,12,9,47,32,308,17,163,5.1,145,4.5,6.6,2,16.0,0,0.0,1,91.4,,FreiPa00
138,Alec Pierce,23,IND,WR,17,16,65,32,514,24,417,13.0,97,3.0,14.9,1,32.0,3,4.6,1,79.9,,PierAl00
139,Kyren Williams,23,LAR,RB,12,11,48,32,206,9,-69,-2.2,275,8.6,0.2,1,32.0,4,8.3,1,87.7,PBAP-2,WillKy02
140,Tucker Kraft,23,GNB,TE,17,8,40,31,355,18,123,4.0,232,7.5,3.9,4,7.8,0,0.0,0,120.3,,KrafTu00
141,Jaleel McLaughlin,23,DEN,RB,17,3,36,31,160,5,-130,-4.2,290,9.4,-3.9,8,3.9,2,5.6,0,103.7,,McLaJa00
142,Darnell Mooney,26,CHI,WR,15,14,61,31,414,20,233,7.5,181,5.8,10.3,1,31.0,3,4.9,3,57.7,,MoonDa00
143,Kenneth Gainwell,24,PHI,RB,16,2,37,30,183,11,8,0.3,175,5.8,1.9,2,15.0,1,2.7,0,87.3,,GainKe00
144,Kylen Granson,25,IND,TE,15,7,50,30,368,19,240,8.0,128,4.3,8.0,0,,3,6.0,0,89.4,,GranKy00
145,Aaron Jones,29,GNB,RB,11,11,43,30,233,13,-38,-1.3,271,9.0,-1.1,6,5.0,4,9.3,0,90.6,,JoneAa00
146,Isaiah Likely,23,BAL,TE,17,8,40,30,411,15,195,6.5,216,7.2,6.2,6,5.0,3,7.5,0,147.0,,LikeIs00
147,Alexander Mattison,25,MIN,RB,16,13,44,30,192,5,11,0.4,181,6.0,0.5,1,30.0,7,15.9,0,99.8,,MattAl01
148,Devin Singletary,26,HOU,RB,17,10,38,30,193,7,-24,-0.8,217,7.2,0.3,2,15.0,2,5.3,0,87.8,,SingDe00
149,Mike Gesicki,28,NWE,TE,17,10,45,29,244,11,148,5.1,96,3.3,8.3,0,,0,0.0,2,74.7,,GesiMi00
150,Najee Harris,25,PIT,RB,17,17,38,29,170,9,-5,-0.2,175,6.0,0.2,6,4.8,2,5.3,0,84.3,,HarrNa00
151,Brandon Powell,28,MIN,WR,17,2,44,29,324,18,220,7.6,104,3.6,7.5,1,29.0,1,2.3,1,85.8,,PoweBr00
152,JuJu Smith-Schuster,27,NWE,WR,11,7,47,29,260,13,166,5.7,94,3.2,7.0,0,,2,4.3,4,48.2,,SmitJu00
153,Kenneth Walker III,23,SEA,RB,15,15,37,29,259,9,-58,-2.0,317,10.9,-2.1,9,3.2,2,5.4,0,104.8,,WalkKe00
154,Noah Gray,24,KAN,TE,17,10,41,28,305,16,172,6.1,133,4.8,6.6,4,7.0,1,2.4,1,96.1,,GrayNo00
155,Derrick Henry,29,TEN,RB,17,17,36,28,214,7,-61,-2.2,275,9.8,-2.8,1,28.0,1,2.8,0,91.4,PB,HenrDe00
156,Justice Hill,26,BAL,RB,16,5,39,28,206,8,-31,-1.1,237,8.5,0.6,4,7.0,2,5.1,0,92.5,,HillJu00
157,Christian Watson,24,GNB,WR,9,9,53,28,422,20,317,11.3,105,3.8,15.6,0,,3,5.7,5,71.4,,WatsCh00
158,Nick Westbrook-Ikhine,26,TEN,WR,14,9,45,28,370,18,263,9.4,107,3.8,12.3,1,28.0,4,8.9,0,110.4,,WestNi00
159,De'Von Achane,22,MIA,RB,11,4,37,27,197,10,-65,-2.4,262,9.7,0.7,3,9.0,0,0.0,0,112.1,,AchaDe00
160,Braxton Berrios,28,MIA,WR,16,1,33,27,238,15,153,5.7,85,3.1,7.1,1,27.0,1,3.0,2,81.6,,BerrBr00
161,James Conner,28,ARI,RB,13,13,33,27,165,11,-46,-1.7,211,7.8,-0.4,5,5.4,0,0.0,0,107.7,,ConnJa00
162,Zach Ertz,33,ARI,TE,7,7,43,27,187,8,141,5.2,46,1.7,7.7,0,,2,4.7,2,60.9,,ErtzZa00
163,Michael Mayer,22,LVR,TE,14,12,40,27,304,19,140,5.2,164,6.1,5.7,3,9.0,1,2.5,1,96.2,,MayeMi00
164,Zack Moss,26,IND,RB,14,8,37,27,192,10,3,0.1,189,7.0,-0.5,2,13.5,5,13.5,1,91.3,,MossZa00
165,Donald Parham,26,LAC,TE,14,8,41,27,285,22,159,5.9,126,4.7,7.5,1,27.0,3,7.3,1,108.3,,ParhDo00
166,Miles Sanders,26,CAR,RB,16,5,41,27,154,8,-4,-0.1,158,5.9,0.6,4,6.8,4,9.8,1,62.4,,SandMi01
167,Kadarius Toney,24,KAN,WR,13,2,38,27,169,12,41,1.5,128,4.7,2.9,5,5.4,5,13.2,2,66.7,,ToneKa00
168,Justin Watson,28,KAN,WR,16,8,53,27,460,21,413,15.3,47,1.7,17.5,0,,4,7.5,3,76.0,,WatsJu01
169,Demarcus Robinson,29,LAR,WR,16,4,39,26,371,20,282,10.8,89,3.4,12.3,0,,0,0.0,1,120.8,,RobiDe01
170,Daniel Bellinger,23,NYG,TE,17,13,28,25,255,6,121,4.8,134,5.4,4.6,2,12.5,1,3.6,0,104.6,,BellDa00
171,Austin Hooper,29,LVR,TE,17,9,31,25,234,12,92,3.7,142,5.7,4.2,2,12.5,1,3.2,0,98.1,,HoopAu00
172,Trenton Irwin,28,CIN,WR,16,5,32,25,316,15,206,8.2,110,4.4,10.5,0,,1,3.1,1,105.2,,IrwiTr00
173,Jerick McKinnon,31,KAN,RB,12,0,32,25,192,10,-26,-1.0,218,8.7,0.3,1,25.0,3,9.4,0,131.2,,McKiJe00
174,Raheem Mostert,31,MIA,RB,15,15,32,25,175,6,-38,-1.5,213,8.5,-0.6,6,4.2,1,3.1,1,107.7,PB,MostRa00
175,Colby Parkinson,24,SEA,TE,17,1,34,25,247,11,161,6.4,86,3.4,6.5,1,25.0,2,5.9,0,113.2,,ParkCo02
176,Hunter Renfrow,28,LVR,WR,17,3,37,25,255,11,103,4.1,152,6.1,5.6,2,12.5,1,2.7,0,87.1,,RenfHu00
177,Greg Dortch,25,ARI,WR,16,4,41,24,280,14,128,5.3,152,6.3,9.5,1,24.0,0,0.0,0,95.6,,DortGr01
178,Jameson Williams,22,DET,WR,12,10,42,24,354,14,249,10.4,105,4.4,15.8,5,4.8,4,9.5,2,80.9,,WillJa11
179,Michael Carter,24,2TM,RB,15,0,31,24,101,5,14,0.6,87,3.6,1.1,2,12.0,2,6.5,1,77.5,,CartMi03
179,Michael Carter,24,NYJ,RB,9,0,20,15,68,4,10,0.7,58,3.9,1.1,1,15.0,2,10.0,1,57.9,,CartMi03
179,Michael Carter,24,ARI,RB,6,0,11,9,33,1,4,0.4,29,3.2,1.2,1,9.0,0,0.0,0,109.5,,CartMi03
180,Connor Heyward,24,PIT,TE,17,7,34,23,167,8,73,3.2,94,4.1,5.1,1,23.0,2,5.9,1,66.7,,HeywCo00
181,Jalin Hyatt,22,NYG,WR,17,7,40,23,373,11,325,14.1,48,2.1,21.0,1,23.0,3,7.5,2,68.0,,HyatJa00
182,Allen Lazard,28,NYJ,WR,14,12,49,23,311,17,255,11.1,56,2.4,12.2,1,23.0,4,8.2,1,65.9,,LazaAl00
183,Tommy Tremble,23,CAR,TE,16,8,32,23,194,10,99,4.3,95,4.1,6.4,3,7.7,0,0.0,1,105.5,,TremTo00
184,AJ Dillon,25,GNB,RB,15,6,28,22,223,10,-8,-0.4,231,10.5,0.0,8,2.8,1,3.6,0,99.9,,DillAJ00
185,Dawson Knox,27,BUF,TE,12,11,36,22,186,13,90,4.1,96,4.4,7.0,1,22.0,4,11.1,2,69.9,,KnoxDa00
186,Marvin Mims,21,DEN,WR,16,7,33,22,377,9,223,10.1,154,7.0,15.1,1,22.0,1,3.0,1,102.7,PBAP-2,MimsMa00
187,Chris Moore,30,TEN,WR,17,5,35,22,424,16,367,16.7,57,2.6,18.3,1,22.0,2,5.7,1,93.0,,MoorCh00
188,Josh Oliver,26,MIN,TE,17,14,28,22,213,12,51,2.3,162,7.4,2.6,1,22.0,0,0.0,0,122.2,,OlivJo00
189,Drew Sample,27,CIN,TE,17,10,27,22,163,9,-10,-0.5,173,7.9,1.1,1,22.0,1,3.7,1,101.1,,SampDr00
190,Jalen Tolbert,24,DAL,WR,17,6,36,22,268,13,234,10.6,34,1.5,13.2,1,22.0,1,2.8,1,91.0,,TolbJa00
191,Adam Trautman,26,DEN,TE,17,12,35,22,204,10,106,4.8,98,4.5,6.5,2,11.0,0,0.0,1,95.4,,TrauAd00
192,Cedrick Wilson Jr.,28,MIA,WR,15,3,38,22,296,14,239,10.9,57,2.6,11.3,0,,1,2.6,1,98.1,,WilsCe01
193,Ty Chandler,25,MIN,RB,17,4,25,21,159,7,-42,-2.0,201,9.6,-1.7,3,7.0,0,0.0,0,93.2,,ChanTy01
194,Emari Demercado,24,ARI,RB,14,2,30,21,119,4,10,0.5,109,5.2,0.9,0,,3,10.0,0,76.9,,DemeEm00
195,Xavier Gipson,22,NYJ,WR,17,3,38,21,229,9,120,5.7,109,5.2,9.4,3,7.0,1,2.6,1,62.3,,GipsXa00
196,Isaiah Hodgins,25,NYG,WR,17,9,33,21,230,12,155,7.4,75,3.6,8.0,1,21.0,0,0.0,0,114.5,,HodgIs00
197,Skyy Moore,23,KAN,WR,14,8,38,21,244,13,135,6.4,109,5.2,8.9,0,,1,2.6,3,50.8,,MoorSk01
198,Foster Moreau,26,NOR,TE,15,10,25,21,193,9,97,4.6,96,4.6,4.9,1,21.0,1,4.0,0,112.2,,MoreFo00
199,Cedric Tillman,23,CLE,WR,14,3,44,21,224,12,136,6.5,88,4.2,10.6,2,10.5,1,2.3,5,23.5,,TillCe01
200,Marquez Valdes-Scantling,29,KAN,WR,16,10,42,21,315,14,223,10.6,92,4.4,17.7,1,21.0,3,7.1,1,73.0,,ValdMa00
201,Parris Campbell,26,NYG,WR,12,3,27,20,104,2,39,2.0,65,3.3,3.4,1,20.0,1,3.7,2,49.0,,CampPa00
202,Khalil Herbert,25,CHI,RB,12,9,31,20,134,9,-4,-0.2,138,6.9,0.6,2,10.0,1,3.2,2,57.7,,HerbKh00
203,Van Jefferson,27,2TM,WR,17,9,43,20,209,10,187,9.4,22,1.1,16.0,1,20.0,3,7.0,4,22.3,,JeffVa00
203,Van Jefferson,27,LAR,WR,5,4,15,8,108,4,103,12.9,5,0.6,17.6,1,8.0,1,6.7,2,36.9,,JeffVa00
203,Van Jefferson,27,ATL,WR,12,5,28,12,101,6,84,7.0,17,1.4,15.1,0,,2,7.1,2,23.1,,JeffVa00
204,Ameer Abdullah,30,LVR,RB,17,0,24,19,131,4,43,2.3,88,4.6,2.3,2,9.5,0,0.0,2,54.7,,AbduAm00
205,John Bates,26,WAS,TE,17,4,28,19,151,6,86,4.5,65,3.4,6.3,1,19.0,3,10.7,0,81.1,,BateJo00
206,Jake Bobo,25,SEA,WR,17,0,25,19,196,9,109,5.7,87,4.6,6.0,1,19.0,0,0.0,1,108.1,,BoboJa00
207,Jauan Jennings,26,SFO,WR,13,2,33,19,265,12,176,9.3,89,4.7,10.3,2,9.5,0,0.0,1,81.0,,JennJa00
208,Brandon Johnson,25,DEN,WR,13,2,30,19,284,12,195,10.3,89,4.7,10.9,2,9.5,1,3.3,0,133.9,,JohnBr23
209,Terrace Marshall Jr.,23,CAR,WR,9,4,33,19,139,8,91,4.8,48,2.5,7.2,0,,2,6.1,1,55.0,,MarsTe00
210,Jonathan Taylor,24,IND,RB,10,7,23,19,153,5,-21,-1.1,174,9.2,-0.9,5,3.8,2,8.7,0,108.9,,TaylJo02
211,Tre Tucker,22,LVR,WR,16,1,34,19,331,12,303,15.9,28,1.5,18.5,0,,1,2.9,2,84.3,,TuckTr00
212,Mike Williams,29,LAC,WR,3,3,26,19,249,9,141,7.4,108,5.7,11.8,1,19.0,0,0.0,0,115.7,,WillMi07
213,Tyler Allgeier,23,ATL,RB,17,3,23,18,193,6,-24,-1.3,217,12.1,-1.0,2,9.0,2,8.7,0,116.1,,AllgTy00
214,Mack Hollins,30,ATL,WR,13,3,30,18,251,9,196,10.9,55,3.1,12.3,0,,2,6.7,0,86.9,,HollMa00
215,Hayden Hurst,30,CAR,TE,9,8,32,18,184,7,117,6.5,67,3.7,7.6,1,18.0,2,6.3,2,57.3,,HursHa00
216,Will Mallory,24,IND,TE,12,2,26,18,207,11,118,6.6,89,4.9,7.8,0,,0,0.0,0,92.9,,MallWi00
217,Irv Smith Jr.,25,CIN,TE,12,6,26,18,115,5,49,2.7,66,3.7,4.0,0,,3,11.5,1,75.0,,SmitIr01
218,Jamaal Williams,28,NOR,RB,13,4,20,18,62,1,-25,-1.4,87,4.8,-1.4,0,,0,0.0,0,79.6,,WillJa06
219,Calvin Austin III,24,PIT,WR,17,1,30,17,180,7,107,6.3,73,4.3,12.6,0,,1,3.3,1,71.5,,AustCa00
220,Matt Breida,28,NYG,RB,17,4,21,17,88,2,1,0.1,87,5.1,0.0,1,17.0,2,9.5,0,84.1,,BreiMa00
221,Will Dissly,27,SEA,TE,16,14,22,17,172,8,52,3.1,120,7.1,2.8,3,5.7,1,4.5,0,114.2,,DissWi00
222,Rico Dowdle,25,DAL,RB,16,0,22,17,144,6,-26,-1.5,170,10.0,-0.5,2,8.5,3,13.6,0,124.1,,DowdRi01
223,Clyde Edwards-Helaire,24,KAN,RB,15,3,22,17,188,7,-40,-2.4,228,13.4,-2.5,5,3.4,1,4.5,1,98.3,,EdwaCl00
224,Brevin Jordan,23,HOU,TE,14,6,21,17,219,13,95,5.6,124,7.3,5.5,1,17.0,1,4.8,0,141.9,,JordBr00
225,Johnny Mundt,29,MIN,TE,17,0,23,17,172,8,78,4.6,94,5.5,5.0,1,17.0,0,0.0,1,91.2,,MundJo00
226,Latavius Murray,33,BUF,RB,16,4,22,17,119,7,27,1.6,92,5.4,1.5,2,8.5,3,13.6,0,89.0,,MurrLa00
227,Tyler Scott,22,CHI,WR,17,4,32,17,168,10,98,5.8,70,4.1,11.6,1,17.0,2,6.3,1,55.2,,ScotTy00
228,Deven Thompkins,24,TAM,WR,17,1,25,17,83,5,-1,-0.1,84,4.9,6.2,1,17.0,0,0.0,1,69.2,,ThomDe07
229,Salvon Ahmed,25,MIA,RB,8,0,23,16,88,4,-21,-1.3,109,6.8,0.6,2,8.0,0,0.0,1,72.4,,AhmeSa01
230,Treylon Burks,23,TEN,WR,11,9,30,16,221,8,150,9.4,71,4.4,18.2,1,16.0,3,10.0,0,77.2,,BurkTr00
231,Jamison Crowder,30,WAS,WR,17,0,20,16,159,8,79,4.9,80,5.0,6.1,2,8.0,1,5.0,0,116.5,,CrowJa00
232,Alex Erickson,31,LAC,WR,8,3,29,16,232,12,174,10.9,58,3.6,10.2,0,,1,3.4,0,92.9,,EricAl01
233,Bo Melton,24,GNB,WR,5,1,24,16,218,13,181,11.3,37,2.3,11.1,0,,1,4.2,0,109.4,,MeltBo00
234,John Metchie,23,HOU,WR,16,0,30,16,158,7,74,4.6,84,5.3,8.9,1,16.0,3,10.0,0,68.5,,MetcJo00
235,David Montgomery,26,DET,RB,14,14,24,16,117,7,-32,-2.0,149,9.3,-0.8,3,5.3,2,8.3,1,60.6,,MontDa01
236,Jeremy Ruckert,23,NYJ,TE,15,6,22,16,151,6,100,6.3,51,3.2,6.3,0,,1,4.5,0,91.3,,RuckJe00
237,Parker Washington,21,JAX,WR,9,1,21,16,132,5,98,6.1,34,2.1,7.4,1,16.0,1,4.8,1,103.7,,WashPa01
238,Jordan Akins,31,CLE,TE,17,4,23,15,132,6,74,4.9,58,3.9,4.7,3,5.0,2,8.7,0,80.3,,AkinJo00
239,Dalvin Cook,28,NYJ,RB,15,1,20,15,78,3,-28,-1.9,106,7.1,-1.2,1,15.0,1,5.0,0,80.8,,CookDa01
240,Derius Davis,23,LAC,WR,17,2,17,15,66,0,-49,-3.3,115,7.7,-2.2,0,,0,0.0,0,82.8,AP-2,DaviDe02
241,Deonte Harty,26,BUF,WR,16,1,21,15,150,9,71,4.7,79,5.3,10.8,0,,1,4.8,2,67.7,,HarrDe07
242,Malik Heath,23,GNB,WR,13,1,24,15,125,6,90,6.0,35,2.3,8.8,1,15.0,2,8.3,0,89.8,,HeatMa00
243,Kareem Hunt,28,CLE,RB,15,2,21,15,84,5,-14,-0.9,98,6.5,-0.3,0,,1,4.8,0,78.3,,HuntKa00
244,Andrei Iosivas,24,CIN,WR,16,1,25,15,116,11,81,5.4,35,2.3,8.6,0,,2,8.0,1,94.3,,IosiAn00
245,Kyle Philips,24,TEN,WR,9,0,22,15,181,9,102,6.8,79,5.3,9.0,1,15.0,1,4.5,0,93.2,,PhilKy01
246,Quez Watkins,25,PHI,WR,9,5,21,15,142,8,96,6.4,46,3.1,11.9,0,,0,0.0,2,66.1,,WatkQu00
247,Zamir White,24,LVR,RB,17,4,19,15,98,4,4,0.3,94,6.3,0.2,2,7.5,0,0.0,0,88.2,,WhitZa01
248,Mecole Hardman,25,2TM,WR,11,2,24,15,124,8,16,1.1,108,7.2,5.7,3,5.0,3,12.5,2,41.0,,HardMe00
248,Mecole Hardman,25,NYJ,WR,5,0,3,1,6,0,5,5.0,1,1.0,10.0,0,,0,0.0,0,42.4,,HardMe00
248,Mecole Hardman,25,KAN,WR,6,2,21,14,118,8,11,0.8,107,7.6,5.1,3,4.7,3,14.3,2,41.5,,HardMe00
249,Jamal Agnew,28,JAX,WR,11,1,21,14,225,8,149,10.6,76,5.4,12.0,0,,0,0.0,1,98.3,,AgneJa00
250,David Bell,23,CLE,WR,15,3,23,14,167,9,94,6.7,73,5.2,6.2,1,14.0,1,4.3,1,104.5,,BellDa02
251,Chase Brown,23,CIN,RB,12,0,15,14,156,4,-38,-2.7,194,13.9,-3.0,2,7.0,0,0.0,0,132.2,,BrowCh10
252,Chase Edmonds,27,TAM,RB,13,0,17,14,81,5,-30,-2.1,111,7.9,-1.5,0,,1,5.9,0,86.5,,EdmoCh00
253,Elijah Higgins,23,ARI,TE,11,2,19,14,163,9,96,6.9,67,4.8,6.7,0,,2,10.5,0,116.8,,HiggEl00
254,KhaDarel Hodge,28,ATL,WR,17,4,23,14,232,13,150,10.7,82,5.9,14.4,1,14.0,0,0.0,2,58.6,,HodgKh00
255,Kyle Juszczyk,32,SFO,FB,17,16,17,14,119,8,61,4.4,58,4.1,4.3,0,,0,0.0,0,135.0,PBAP-1,JuszKy00
256,Byron Pringle,30,WAS,WR,17,1,22,14,161,7,130,9.3,31,2.2,13.5,0,,0,0.0,1,66.7,,PrinBy00
257,Jeff Wilson,28,MIA,RB,10,0,17,14,85,3,16,1.1,69,4.9,2.7,0,,1,5.9,0,87.5,,WilsJe01
258,Mo Alie-Cox,30,IND,TE,17,7,22,13,161,9,81,6.2,80,6.2,10.1,1,13.0,1,4.5,1,102.5,,AlieMo00
259,Pharaoh Brown,29,NWE,TE,17,11,15,13,208,8,87,6.7,121,9.3,6.9,2,6.5,0,0.0,0,141.0,,BrowPh01
260,Harrison Bryant,25,CLE,TE,17,9,20,13,81,4,46,3.5,35,2.7,4.1,1,13.0,2,10.0,1,91.9,,BryaHa00
261,Luke Farrell,26,JAX,TE,17,8,15,13,155,5,59,4.5,96,7.4,4.7,1,13.0,0,0.0,0,109.7,,FarrLu00
262,Lil'Jordan Humphrey,25,DEN,WR,17,8,19,13,162,9,63,4.8,99,7.6,9.8,0,,1,5.3,0,134.2,,HumpLi01
263,Alec Ingold,27,MIA,FB,17,13,16,13,119,5,28,2.2,91,7.0,1.9,0,,1,6.3,0,97.7,PB,IngoAl01
264,Dameon Pierce,23,HOU,RB,14,7,17,13,101,3,6,0.5,95,7.3,0.8,1,13.0,1,5.9,0,90.6,,PierDa01
265,Tyquan Thornton,23,NWE,WR,9,3,23,13,91,3,41,3.2,50,3.8,10.0,0,,1,4.3,0,65.7,,ThorTy00
266,Brock Wright,25,DET,TE,14,4,14,13,91,2,42,3.2,49,3.8,2.9,0,,0,0.0,0,117.6,,WrigBr01
267,Donovan Peoples-Jones,24,2TM,WR,15,6,25,13,155,7,120,9.2,35,2.7,10.4,0,,0,0.0,2,37.9,,PeopDo00
267,Donovan Peoples-Jones,24,CLE,WR,7,5,18,8,97,4,75,9.4,22,2.8,10.9,0,,0,0.0,1,38.4,,PeopDo00
267,Donovan Peoples-Jones,24,DET,WR,8,1,7,5,58,3,45,9.0,13,2.6,9.0,0,,0,0.0,1,56.5,,PeopDo00
268,Dyami Brown,24,WAS,WR,17,1,23,12,168,8,92,7.7,76,6.3,16.8,1,12.0,2,8.7,2,54.3,,BrowDy00
269,Gus Edwards,28,BAL,RB,17,9,13,12,180,5,35,2.9,145,12.1,2.5,0,,0,0.0,0,118.7,,EdwaGu00
270,Ray-Ray McCloud,27,SFO,WR,12,1,15,12,135,7,48,4.0,87,7.3,6.3,0,,0,0.0,1,76.4,,McClRa00
271,A.T. Perry,24,NOR,WR,10,3,18,12,246,10,226,18.8,20,1.7,16.3,0,,1,5.6,0,149.3,,PerrAT00
272,Stephen Sullivan,27,CAR,TE,11,0,24,12,125,5,117,9.8,8,0.7,10.6,0,,1,4.2,0,65.5,,SullSt00
273,KaVontae Turpin,27,DAL,WR,16,0,18,12,127,9,88,7.3,39,3.3,9.1,1,12.0,3,16.7,0,126.6,,TurpKa00
274,Cam Akers,24,MIN,RB,6,0,12,11,70,2,-8,-0.7,78,7.1,-1.1,2,5.5,0,0.0,0,91.0,,AkerCa00
275,Andrew Beck,27,HOU,FB,15,12,13,11,55,4,18,1.6,37,3.4,1.7,1,11.0,0,0.0,0,123.9,,BeckAn01
276,Lynn Bowden Jr.,26,NOR,WR,15,3,16,11,83,2,26,2.4,57,5.2,5.0,0,,1,6.3,0,81.0,,BowdLy00
277,D'Onta Foreman,27,CHI,RB,9,8,16,11,77,6,13,1.2,64,5.8,1.4,2,5.5,1,6.3,0,100.3,,ForeDO00
278,Julio Jones,34,PHI,WR,11,4,19,11,74,4,46,4.2,28,2.5,7.4,0,,1,5.3,1,84.2,,JoneJu02
279,Tim Jones,25,JAX,WR,17,2,18,11,83,4,52,4.7,31,2.8,8.4,0,,0,0.0,0,72.2,,JoneTi00
280,Isaiah McKenzie,28,IND,WR,13,2,14,11,82,4,10,0.9,72,6.5,2.5,0,,1,7.1,0,91.1,,McKeIs00
281,Scott Miller,26,ATL,WR,17,0,16,11,161,6,81,7.4,80,7.3,12.2,0,,0,0.0,0,140.9,,MillSc01
282,Trent Sherfield,27,BUF,WR,17,1,22,11,86,4,37,3.4,49,4.5,8.6,2,5.5,1,4.5,1,56.2,,SherTr00
283,Stone Smartt,25,LAC,TE,16,3,21,11,155,6,99,9.0,56,5.1,8.6,1,11.0,1,4.8,0,92.4,,SmarSt00
284,Patrick Taylor,25,GNB,RB,11,0,17,11,49,4,-10,-0.9,59,5.4,-0.5,1,11.0,2,11.8,0,68.5,,TaylPa01
285,Robert Tonyan,29,CHI,TE,17,6,17,11,112,6,55,5.0,57,5.2,8.5,1,11.0,2,11.8,0,83.5,,TonyRo00
286,Cole Turner,23,WAS,TE,12,1,15,11,120,4,70,6.4,50,4.5,7.0,0,,1,6.7,0,96.5,,TurnCo00
287,Davis Allen,22,LAR,TE,15,1,11,10,95,7,21,2.1,74,7.4,2.2,0,,1,9.1,0,133.0,,AlleDa02
288,Jalen Guyton,26,LAC,WR,8,3,21,10,89,6,57,5.7,32,3.2,10.4,1,10.0,2,9.5,0,75.3,,GuytJa01
289,Darrell Henderson,26,LAR,RB,4,4,14,10,103,3,-31,-3.1,134,13.4,-0.6,0,,2,14.3,0,92.3,,HendDa00
290,Richie James,28,KAN,WR,9,1,14,10,114,5,53,5.3,61,6.1,9.2,1,10.0,2,14.3,0,95.5,,JameRi00
291,D'Ernest Johnson,27,JAX,RB,17,0,12,10,140,6,4,0.4,136,13.6,0.8,0,,0,0.0,0,115.3,,JohnDE04
292,Kendre Miller,21,NOR,RB,8,0,11,10,117,5,-11,-1.1,128,12.8,-0.7,1,10.0,1,9.1,0,111.0,,MillKe01
293,Laviska Shenault Jr.,25,CAR,WR,8,0,10,10,60,2,-25,-2.5,85,8.5,-2.5,1,10.0,0,0.0,0,91.7,,ShenLa00
294,Sterling Shepard,30,NYG,WR,15,2,22,10,57,4,24,2.4,33,3.3,7.3,0,,3,13.6,1,48.7,,ShepSt00
295,Geoff Swaim,30,ARI,TE,14,8,11,10,94,4,64,6.4,30,3.0,5.5,0,,0,0.0,0,102.3,,SwaiGe00
296,Olamide Zaccheaus,26,PHI,WR,17,1,20,10,164,7,112,11.2,52,5.2,10.4,0,,0,0.0,0,111.2,,ZaccOl01
297,River Cracraft,29,MIA,WR,10,1,12,9,121,8,72,8.0,49,5.4,7.7,0,,1,8.3,0,134.4,,CracRi00
298,Keaton Mitchell,21,BAL,RB,8,2,11,9,93,5,-29,-3.2,122,13.6,-0.2,0,,1,9.1,0,101.9,,MitcKe01
299,Andrew Ogletree,25,IND,TE,12,9,21,9,147,8,117,13.0,30,3.3,10.0,1,9.0,1,4.8,0,98.7,,OgleAn00
300,Cordarrelle Patterson,32,ATL,RB,14,0,12,9,38,2,1,0.1,37,4.1,0.8,0,,1,8.3,1,70.8,,PattCo00
301,MyCole Pruitt,31,ATL,TE,17,8,12,9,110,6,59,6.6,51,5.7,5.2,1,9.0,0,0.0,0,130.6,,PruiMy00
302,Josh Whyle,24,TEN,TE,11,3,15,9,94,8,54,6.0,40,4.4,9.8,1,9.0,1,6.7,1,72.6,,WhylJo01
303,Mitchell Wilcox,27,CIN,TE,17,4,12,9,56,2,8,0.9,48,5.3,1.0,0,,1,8.3,0,84.0,,WilcMi01
304,Josiah Deguara,26,GNB,TE,15,4,8,8,65,3,26,3.3,39,4.9,3.3,0,,0,0.0,0,100.5,,DeguJo00
305,Xavier Hutchinson,23,HOU,WR,16,0,19,8,90,3,70,8.8,20,2.5,11.4,0,,0,0.0,0,56.9,,HutcXa00
306,Joshua Kelley,26,LAC,RB,17,3,12,8,32,0,-7,-0.9,39,4.9,0.4,1,8.0,3,25.0,0,70.1,,KellJo01
307,Lucas Krull,25,DEN,TE,7,2,14,8,95,5,45,5.6,50,6.3,9.5,0,,0,0.0,1,72.0,,KrulLu00
308,Luke Schoonmaker,25,DAL,TE,17,0,15,8,65,5,38,4.8,27,3.4,5.4,1,8.0,3,20.0,0,104.2,,SchoLu00
309,Ben Skowronek,26,LAR,WR,17,0,12,8,66,3,36,4.5,30,3.8,7.3,0,,0,0.0,0,108.3,,SkowBe00
310,Ihmir Smith-Marsette,24,CAR,WR,17,0,10,8,51,5,3,0.4,48,6.0,0.9,1,8.0,1,10.0,0,87.9,,SmitIh00
311,Samori Toure,25,GNB,WR,11,0,18,8,78,4,60,7.5,18,2.3,17.6,0,,1,5.6,1,34.0,,TourSa00
312,C.J. Uzomah,30,NYJ,TE,12,8,12,8,58,5,25,3.1,33,4.1,5.3,2,4.0,1,8.3,0,105.6,,UzomC.00
313,Chase Claypool,25,2TM,WR,12,2,21,8,77,4,52,6.5,25,3.1,11.0,1,8.0,1,4.8,3,25.4,,ClayCh01
313,Chase Claypool,25,CHI,WR,3,2,14,4,51,3,45,11.3,6,1.5,11.4,0,,0,0.0,2,26.5,,ClayCh01
313,Chase Claypool,25,MIA,WR,9,0,7,4,26,1,7,1.8,19,4.8,10.1,1,4.0,1,14.3,1,25.6,,ClayCh01
314,Israel Abanikanda,21,NYJ,RB,6,0,11,7,43,2,-3,-0.4,46,6.6,0.5,0,,2,18.2,0,71.4,,AbanIs00
315,Mike Boone,28,HOU,S,9,0,9,7,40,2,7,1.0,33,4.7,1.0,2,3.5,1,11.1,0,85.2,,BoonMi00
316,Darrynton Evans,25,CHI,RB,5,0,12,7,49,2,-20,-2.9,69,9.9,-1.2,3,2.3,1,8.3,0,67.7,,EvanDa02
317,C.J. Ham,30,MIN,FB,17,5,9,7,25,1,5,0.7,20,2.9,1.1,1,7.0,1,11.1,1,39.6,PB,HamxC.00
318,Ty Johnson,26,BUF,RB,10,0,7,7,62,2,2,0.3,60,8.6,0.3,1,7.0,0,0.0,0,143.2,,JohnTy02
319,Charlie Jones,25,CIN,WR,11,0,9,7,64,3,26,3.7,38,5.4,8.8,0,,0,0.0,0,96.3,,JoneCh11
320,Charlie Kolar,24,BAL,TE,15,3,9,7,87,5,70,10.0,17,2.4,9.8,0,,2,22.2,0,144.0,,KolaCh00
321,Jalen Reagor,24,NWE,WR,11,1,23,7,138,5,120,17.1,18,2.6,15.6,0,,2,8.7,2,16.2,,ReagJa00
322,Deuce Vaughn,22,DAL,RB,7,0,7,7,40,1,-6,-0.9,46,6.6,-0.9,1,7.0,0,0.0,0,90.5,,VaugDe00
323,Darnell Washington,22,PIT,TE,17,7,10,7,61,4,11,1.6,50,7.1,1.1,1,7.0,0,0.0,0,85.8,,WashDa03
324,Trayveon Williams,26,CIN,RB,17,0,9,7,10,0,-25,-3.6,35,5.0,-3.1,0,,0,0.0,0,79.2,,WillTr06
325,Tony Jones,26,2TM,RB,7,1,10,7,37,1,-7,-1.0,44,6.3,-1.8,0,,1,10.0,0,75.8,,JoneTo04
325,Tony Jones,26,NOR,RB,4,1,6,4,21,1,-1,-0.3,22,5.5,-0.8,0,,0,0.0,0,72.2,,JoneTo04
325,Tony Jones,26,ARI,RB,3,0,4,3,16,0,-6,-2.0,22,7.3,-3.3,0,,1,25.0,0,81.2,,JoneTo04
326,Ronnie Bell,23,SFO,WR,17,0,13,6,68,5,58,9.7,10,1.7,12.3,0,,0,0.0,0,101.9,,BellRo01
327,Raheem Blackshear,24,CAR,RB,12,0,7,6,45,1,7,1.2,38,6.3,1.9,1,6.0,1,14.3,0,93.5,,BlacRa00
328,Jalen Brooks,23,DAL,WR,7,0,6,6,64,4,36,6.0,28,4.7,6.0,0,,0,0.0,0,111.1,,BrooJa03
329,DeeJay Dallas,25,SEA,RB,17,0,9,6,26,1,-5,-0.8,31,5.2,-1.7,0,,0,0.0,0,70.1,,DallDe00
330,Keelan Doss,27,LAC,WR,5,0,13,6,33,1,19,3.2,14,2.3,7.5,0,,0,0.0,0,53.0,,DossKe00
331,Tyler Goodson,23,IND,RB,6,1,9,6,34,1,-17,-2.8,51,8.5,-0.4,0,,2,22.2,0,73.4,,GoodTy00
332,Jimmy Graham,37,NOR,TE,13,2,7,6,39,6,36,6.0,3,0.5,6.0,0,,1,14.3,0,129.5,,GrahJi00
333,Eric Gray,24,NYG,RB,13,0,7,6,22,0,-18,-3.0,40,6.7,-1.1,0,,0,0.0,0,79.8,,GrayEr01
334,Julian Hill,23,MIA,TE,15,4,9,6,48,2,18,3.0,30,5.0,3.2,0,,0,0.0,0,79.9,,HillJu02
335,Elijah Mitchell,25,SFO,RB,11,1,8,6,14,2,-12,-2.0,26,4.3,-2.8,0,,1,12.5,1,37.5,,MitcEl00
336,Justyn Ross,24,KAN,WR,10,1,11,6,53,2,38,6.3,15,2.5,9.8,0,,2,18.2,0,67.6,,RossJu00
337,Isaiah Spiller,22,LAC,RB,9,0,6,6,34,1,-5,-0.8,39,6.5,-0.8,1,6.0,0,0.0,0,90.3,,SpilIs00
338,Blake Bell,32,KAN,TE,17,3,9,5,26,1,7,1.4,19,3.8,3.3,0,,1,11.1,1,58.3,,BellBl00
339,Gary Brightwell,24,NYG,RB,7,0,7,5,47,2,-6,-1.2,53,10.6,-0.9,0,,1,14.3,0,89.6,,BrigGa00
340,Jason Brownlee,24,NYJ,WR,7,5,8,5,56,2,36,7.2,20,4.0,7.8,1,5.0,0,0.0,1,83.3,,BrowJa07
341,Randall Cobb,33,NYJ,WR,11,1,17,5,39,3,16,3.2,23,4.6,9.7,0,,2,11.8,2,19.6,,CobbRa00
342,Payne Durham,23,TAM,TE,13,2,7,5,58,3,46,9.2,12,2.4,10.4,0,,2,28.6,0,96.1,,DurhPa00
343,Brycen Hopkins,26,LAR,TE,15,0,7,5,78,3,46,9.2,32,6.4,9.4,1,5.0,0,0.0,0,108.0,,HopkBr01
344,Deon Jackson,24,IND,RB,2,1,6,5,14,0,-6,-1.2,20,4.0,-1.0,2,2.5,1,16.7,0,79.2,,JackDe02
345,Marvin Jones,33,DET,WR,6,4,10,5,35,2,26,5.2,9,1.8,8.0,0,,2,20.0,0,58.3,,JoneMa02
346,Keith Kirkwood,29,NOR,WR,13,4,9,5,37,3,36,7.2,1,0.2,10.1,0,,1,11.1,0,102.5,,KirkKe00
347,Ty Montgomery,30,NWE,RB,13,0,12,5,40,3,13,2.6,27,5.4,6.8,0,,2,16.7,1,16.0,,MontTy01
348,David Moore,28,TAM,WR,7,0,7,5,94,3,32,6.4,62,12.4,7.0,0,,0,0.0,1,113.7,,MoorDa03
349,Craig Reynolds,27,DET,RB,17,0,5,5,47,2,-12,-2.4,59,11.8,-2.4,0,,0,0.0,0,105.8,,ReynCr00
350,Patrick Ricard,29,BAL,FB,17,9,7,5,52,3,17,3.4,35,7.0,2.7,0,,0,0.0,1,92.6,AP-2,RicaPa00
351,Ronnie Rivers,24,LAR,RB,9,1,5,5,22,0,-19,-3.8,41,8.2,-3.8,0,,0,0.0,0,85.0,,RiveRo01
352,Equanimeous St. Brown,27,CHI,WR,7,2,6,5,62,3,55,11.0,7,1.4,8.8,0,,0,0.0,0,109.7,,St.BEq00
353,Jack Stoll,25,PHI,TE,17,10,8,5,38,2,13,2.6,25,5.0,3.1,1,5.0,1,12.5,1,34.4,,StolJa00
354,Brenton Strange,23,JAX,TE,14,4,9,5,35,2,7,1.4,28,5.6,7.6,0,,0,0.0,0,101.6,,StraBr00
355,Pierre Strong,25,CLE,RB,17,1,8,5,47,1,-26,-5.2,73,14.6,-0.6,0,,1,12.5,0,78.6,,StroPi00
356,Ian Thomas,27,CAR,TE,12,5,9,5,56,1,23,4.6,33,6.6,8.7,1,5.0,1,11.1,1,34.7,,ThomIa00
357,Nate Adkins,24,DEN,TE,10,1,5,4,22,1,-2,-0.5,24,6.0,-1.0,0,,1,20.0,0,85.0,,AdkiNa00
358,Lawrence Cager,26,NYG,TE,11,0,5,4,36,2,9,2.3,27,6.8,4.2,0,,0,0.0,0,136.2,,CageLa01
359,Grant Calcaterra,25,PHI,TE,15,1,4,4,39,3,7,1.8,32,8.0,1.8,1,4.0,0,0.0,0,107.3,,CalcGr00
360,DeAndre Carter,30,LVR,WR,17,1,7,4,39,0,-11,-2.8,50,12.5,0.6,0,,1,14.3,0,72.9,,CartDe02
361,Robbie Chosen,30,MIA,WR,9,0,6,4,126,3,95,23.8,31,7.8,23.5,0,,0,0.0,1,109.7,,AndeRo04
362,Nick Chubb,28,CLE,RB,2,2,4,4,21,1,1,0.3,20,5.0,0.3,0,,0,0.0,0,88.5,,ChubNi00
363,Britain Covey,26,PHI,WR,16,0,6,4,42,2,16,4.0,26,6.5,8.7,1,4.0,0,0.0,0,86.8,,CoveBr00
364,Devin Duvernay,26,BAL,WR,13,1,9,4,18,0,1,0.3,17,4.3,9.0,0,,1,11.1,0,51.6,,DuveDe00
365,Marquise Goodwin,33,CLE,WR,12,0,13,4,67,1,46,11.5,21,5.3,30.1,0,,2,15.4,2,9.6,,GoodMa00
366,Peyton Hendershot,24,DAL,TE,8,1,7,4,38,1,10,2.5,28,7.0,3.9,0,,2,28.6,0,72.3,,HendPe01
367,Keaontay Ingram,24,ARI,RB,8,1,4,4,26,1,-5,-1.3,31,7.8,-1.3,0,,0,0.0,0,93.7,,IngrKe01
368,Rakim Jarrett,22,TAM,WR,10,0,9,4,60,1,33,8.3,27,6.8,15.8,0,,0,0.0,0,66.9,,JarrRa00
369,Velus Jones Jr.,26,CHI,WR,14,0,7,4,20,1,5,1.3,15,3.8,12.4,0,,1,14.3,0,62.2,,JoneVe00
370,Marcedes Lewis,39,CHI,TE,17,4,5,4,29,2,0,0.0,29,7.3,1.8,0,,0,0.0,0,130.4,,LewiMa00
371,Zach Pascal,29,ARI,WR,14,1,15,4,19,1,7,1.8,12,3.0,10.7,1,4.0,1,6.7,2,0.0,,PascZa00
372,Boston Scott,28,PHI,RB,15,0,6,4,52,2,9,2.3,43,10.8,5.2,0,,1,16.7,0,93.7,,ScotBo02
373,Ben Sims,23,GNB,TE,17,1,6,4,21,3,3,0.8,18,4.5,5.0,0,,0,0.0,0,111.8,,SimsBe00
374,Austin Trammell,25,LAR,WR,16,0,7,4,29,2,-6,-1.5,35,8.8,3.6,0,,0,0.0,1,27.4,,TramAu00
375,Emanuel Wilson,24,GNB,RB,7,0,5,4,23,1,-7,-1.8,30,7.5,-0.8,0,,0,0.0,0,85.8,,WilsEm00
376,Alex Armah,29,WAS,RB,8,0,3,3,13,1,-14,-4.7,27,9.0,-4.7,0,,0,0.0,0,84.7,,ArmaAl00
377,Nick Bawden,27,NYJ,FB,16,2,3,3,21,1,-1,-0.3,22,7.3,-0.3,0,,0,0.0,0,95.8,,BawdNi00
378,Khari Blasingame,27,CHI,FB,16,2,6,3,2,0,-3,-1.0,5,1.7,1.8,0,,1,16.7,0,56.2,,BlasKh00
379,Miles Boykin,27,PIT,WR,17,0,4,3,17,0,15,5.0,2,0.7,4.8,0,,1,25.0,0,82.3,,BoykMi00
380,Michael Burton,31,DEN,FB,17,3,3,3,8,2,2,0.7,6,2.0,0.7,0,,0,0.0,0,79.2,,BurtMi00
381,Chris Conley,31,SFO,WR,8,0,6,3,69,2,41,13.7,28,9.3,12.3,0,,0,0.0,0,91.7,,ConlCh00
382,Elijah Cooks,25,JAX,WR,9,0,4,3,38,2,30,10.0,8,2.7,8.3,0,,1,25.0,0,104.2,,CookEl00
383,Jashaun Corbin,23,NYG,RB,6,0,3,3,12,1,-1,-0.3,13,4.3,-0.3,1,3.0,0,0.0,0,83.3,,CorbJa01
384,Greg Dulcich,23,DEN,TE,2,1,4,3,25,2,20,6.7,5,1.7,5.8,0,,0,0.0,1,51.0,,DulcGr00
385,Melvin Gordon,30,BAL,RB,4,0,3,3,46,3,18,6.0,28,9.3,6.0,0,,0,0.0,0,118.7,,GordMe00
386,Kevin Harris,23,NWE,RB,4,0,3,3,58,2,-1,-0.3,59,19.7,-0.3,0,,0,0.0,0,118.7,,HarrKe01
387,Hunter Luepke,23,DAL,RB,17,0,4,3,18,1,2,0.7,16,5.3,-0.5,0,,0,0.0,0,83.3,,LuepHu00
388,Jordan Mason,24,SFO,RB,17,0,4,3,31,1,8,2.7,23,7.7,3.0,1,3.0,0,0.0,0,96.9,,MasoJo00
389,D.J. Montgomery,27,IND,WR,7,0,8,3,56,3,28,9.3,28,9.3,12.1,0,,1,12.5,0,102.1,,MontDJ01
390,Jalen Nailor,24,MIN,WR,6,1,6,3,29,1,8,2.7,21,7.0,9.0,0,,1,16.7,0,63.9,,NailJa00
391,La'Mical Perine,25,KAN,RB,3,1,5,3,33,1,1,0.3,32,10.7,0.4,0,,1,20.0,0,79.6,,PeriLa00
392,Eric Saubert,29,HOU,TE,9,1,3,3,12,1,6,2.0,6,2.0,2.0,0,,0,0.0,0,83.3,,SaubEr00
393,Trey Sermon,24,IND,RB,14,0,6,3,13,0,7,2.3,6,2.0,1.8,0,,3,50.0,0,56.2,,SermTr00
394,Steven Sims,26,HOU,WR,3,0,3,3,25,1,-2,-0.7,27,9.0,-0.7,0,,0,0.0,0,101.4,,SimsSt00
395,Keith Smith,31,ATL,FB,13,6,3,3,33,1,18,6.0,15,5.0,6.0,0,,0,0.0,0,112.5,,SmitKe03
396,Charlie Woerner,26,SFO,TE,17,2,3,3,32,1,12,4.0,20,6.7,4.0,0,,0,0.0,0,111.1,,WoerCh00
397,Kayshon Boutte,21,NWE,WR,5,0,7,2,19,1,9,4.5,10,5.0,17.9,0,,2,28.6,0,39.6,,BoutKa00
398,J.K. Dobbins,25,BAL,RB,1,1,3,2,15,0,0,0.0,15,7.5,1.0,1,2.0,0,0.0,0,78.5,,DobbJK00
399,Elijah Dotson,24,LAC,RB,4,0,2,2,13,0,-1,-0.5,14,7.0,-0.5,0,,0,0.0,0,93.7,,DotsEl00
400,Kenyan Drake,29,BAL,RB,2,0,3,2,31,0,-5,-2.5,36,18.0,-1.3,1,2.0,0,0.0,0,100.7,,DrakKe00
401,Damien Harris,26,BUF,RB,6,0,2,2,16,0,0,0.0,16,8.0,0.0,0,,0,0.0,0,100.0,,HarrDa06
402,Trishton Jackson,25,MIN,WR,7,0,4,2,9,0,2,1.0,7,3.5,4.0,0,,1,25.0,0,56.2,,JackTr02
403,Tyler Johnson,25,LAR,WR,1,0,3,2,8,1,7,3.5,1,0.5,5.3,0,,0,0.0,0,109.7,,JohnTy00
404,Chris Manhertz,31,DEN,TE,16,4,4,2,16,1,6,3.0,10,5.0,3.0,0,,0,0.0,0,60.4,,ManhCh00
405,Anthony McFarland Jr.,25,PIT,RB,3,0,2,2,11,1,4,2.0,7,3.5,2.0,0,,0,0.0,0,89.6,,McFaAn00
406,James Mitchell,24,DET,TE,15,1,2,2,28,1,16,8.0,12,6.0,8.0,0,,0,0.0,0,118.7,,MitcJa00
407,Quintin Morris,24,BUF,TE,15,0,3,2,26,1,21,10.5,5,2.5,11.0,0,,1,33.3,0,133.3,,MorrQu00
408,Dare Ogunbowale,29,HOU,RB,12,0,7,2,18,0,13,6.5,5,2.5,4.4,0,,0,0.0,1,0.0,,OgunDa00
409,Adam Prentice,26,NOR,FB,13,1,3,2,12,0,4,2.0,8,4.0,3.7,0,,0,0.0,0,74.3,,PrenAd00
410,Teagan Quitoriano,23,HOU,TE,7,5,3,2,33,2,15,7.5,18,9.0,5.0,1,2.0,0,0.0,0,103.5,,QuitTe00
411,Chris Rodriguez,23,WAS,RB,13,0,2,2,12,1,-7,-3.5,19,9.5,-3.5,0,,0,0.0,0,91.7,,RodrCh00
412,Willie Snead,31,SFO,WR,4,0,3,2,14,0,11,5.5,3,1.5,6.0,0,,0,0.0,0,77.1,,SneaWi00
413,Malik Taylor,28,NYJ,WR,3,0,4,2,13,0,6,3.0,7,3.5,22.3,0,,0,0.0,0,57.3,,TaylMa01
414,Sean Tucker,22,TAM,RB,11,0,2,2,9,0,-3,-1.5,12,6.0,-1.5,0,,0,0.0,0,85.4,,TuckSe00
415,Ke'Shawn Vaughn,26,TAM,RB,6,0,5,2,2,0,1,0.5,1,0.5,-0.4,0,,1,20.0,0,47.9,,VaugKe00
416,David Wells,28,TAM,TE,5,0,2,2,-10,1,1,0.5,-11,-5.5,0.5,1,2.0,0,0.0,0,79.2,,WellDa00
417,Damien Williams,31,ARI,RB,3,0,2,2,12,0,1,0.5,11,5.5,0.5,0,,0,0.0,0,91.7,,WillDa05
418,Kenny Yeboah,25,NYJ,TE,5,1,4,2,28,1,8,4.0,20,10.0,4.8,1,2.0,0,0.0,0,72.9,,YeboKe00
419,Tank Bigsby,22,JAX,RB,17,0,4,1,6,0,1,1.0,5,5.0,1.5,0,,2,50.0,2,0.0,,BigsTa00
420,Ben Bredeson,25,NYG,G,16,16,1,1,0,0,-2,-2.0,2,2.0,-2.0,0,,0,0.0,0,79.2,,BredBe00
421,Jake Browning,27,CIN,QB,9,7,1,1,-7,0,-7,-7.0,0,0.0,-7.0,0,,0,0.0,0,79.2,,BrowJa08
422,Khalil Dorsey,25,DET,CB,13,2,1,1,31,1,22,22.0,9,9.0,22.0,0,,0,0.0,0,118.7,,DorsKh00
423,Colton Dowell,24,TEN,WR,10,1,2,1,3,0,3,3.0,0,0.0,20.0,0,,0,0.0,1,16.7,,DoweCo00
424,Ross Dwelley,28,SFO,TE,12,0,2,1,12,1,0,0.0,12,12.0,8.5,0,,0,0.0,0,68.7,,DwelRo00
425,Brandin Echols,26,NYJ,CB,14,1,1,1,18,1,10,10.0,8,8.0,10.0,0,,0,0.0,0,118.7,,EchoBr00
426,Chris Evans,26,CIN,RB,8,0,1,1,-1,0,-1,-1.0,0,0.0,-1.0,0,,0,0.0,0,79.2,,EvanCh02
427,Simi Fehoko,26,LAC,WR,6,0,2,1,9,1,2,2.0,7,7.0,9.0,0,,1,50.0,0,102.1,,FehoSi00
428,Tucker Fisk,24,ATL,TE,6,2,1,1,9,1,3,3.0,6,6.0,3.0,0,,0,0.0,0,104.2,,FiskTu00
429,John FitzPatrick,23,ATL,TE,9,0,1,1,12,1,2,2.0,10,10.0,2.0,0,,0,0.0,0,116.7,,FitzJo00
430,Cole Fotheringham,26,LVR,TE,2,0,1,1,6,0,1,1.0,5,5.0,1.0,0,,0,0.0,0,91.7,,FothCo00
431,Royce Freeman,27,LAR,RB,14,0,2,1,13,1,-1,-1.0,14,14.0,0.0,0,,0,0.0,0,70.8,,FreeRo00
432,Jake Funk,25,IND,RB,4,0,1,1,12,1,0,0.0,12,12.0,0.0,0,,0,0.0,0,116.7,,FunkJa00
433,Reggie Gilliam,26,BUF,FB,17,0,1,1,3,0,1,1.0,2,2.0,1.0,0,,0,0.0,0,79.2,,GillRe00
434,Antoine Green,24,DET,WR,9,0,2,1,2,0,1,1.0,1,1.0,5.5,0,,0,0.0,0,56.2,,GreeAn00
435,Justin Herbert,25,LAC,QB,13,13,1,1,10,1,-7,-7.0,17,17.0,-7.0,0,,0,0.0,0,108.3,,HerbJu00
436,Jesper Horsted,26,LVR,TE,13,0,1,1,4,0,2,2.0,2,2.0,2.0,0,,0,0.0,0,83.3,,HorsJe00
437,Sam Howell,23,WAS,QB,17,17,1,1,4,0,1,1.0,3,3.0,1.0,0,,0,0.0,0,83.3,,HoweSa00
438,Evan Hull,23,IND,RB,1,0,1,1,6,0,3,3.0,3,3.0,3.0,0,,0,0.0,0,91.7,,HullEv00
439,Collin Johnson,26,CHI,WR,3,0,1,1,11,1,7,7.0,4,4.0,7.0,0,,0,0.0,0,112.5,,JohnCo01
440,Jakob Johnson,29,LVR,FB,13,5,2,1,12,0,2,2.0,10,10.0,3.0,0,,1,50.0,0,68.7,,JohnJa12
441,Ko Kieft,25,TAM,TE,16,6,5,1,2,1,0,0.0,2,2.0,12.2,0,,0,0.0,0,79.2,,KiefKo00
442,Mason Kinsey,25,TEN,WR,6,0,1,1,6,0,-2,-2.0,8,8.0,-2.0,0,,0,0.0,0,91.7,,KinsMa00
443,Zonovan Knight,22,DET,RB,2,0,1,1,8,0,-5,-5.0,13,13.0,-5.0,0,,0,0.0,0,100.0,,KnigZo00
444,Kwamie Lassiter II,25,CIN,WR,1,0,1,1,2,0,-1,-1.0,3,3.0,-1.0,0,,0,0.0,0,79.2,,LassKw00
445,Nick Muse,25,MIN,TE,2,0,1,1,22,1,12,12.0,10,10.0,12.0,0,,0,0.0,0,118.7,,MuseNi00
446,Gunner Olszewski,27,PIT,WR,2,0,1,1,0,0,-1,-1.0,1,1.0,-1.0,0,,0,0.0,0,79.2,,OlszGu00
447,Devine Ozigbo,27,DET,RB,3,0,1,1,8,0,3,3.0,5,5.0,3.0,0,,0,0.0,0,100.0,,OzigDe01
448,Rashaad Penny,27,PHI,RB,3,0,1,1,5,0,-1,-1.0,6,6.0,-1.0,0,,0,0.0,0,87.5,,PennRa00
449,Kevin Rader,28,TEN,TE,14,0,3,1,6,0,2,2.0,4,4.0,10.7,0,,0,0.0,0,42.4,,RadeKe00
450,Giovanni Ricci,27,CAR,TE,5,0,1,1,2,0,-1,-1.0,3,3.0,-1.0,0,,0,0.0,0,79.2,,RiccGi00
451,Desmond Ridder,24,ATL,QB,15,13,1,1,-6,0,-6,-6.0,0,0.0,-6.0,0,,0,0.0,0,79.2,,RiddDe00
452,James Robinson,25,GNB,RB,1,0,1,1,-2,0,-3,-3.0,1,1.0,-3.0,0,,0,0.0,0,79.2,,RobiJa00
453,Malcolm Rodriguez,24,DET,LB,17,3,1,1,6,1,6,6.0,0,0.0,6.0,0,,0,0.0,0,91.7,,RodrMa00
454,Jeffery Simmons,26,TEN,DT,12,12,1,1,2,1,2,2.0,0,0.0,2.0,0,,0,0.0,0,118.7,,SimmJe01
455,Dan Skipper,29,DET,T,11,1,1,1,4,0,-1,-1.0,5,5.0,-1.0,0,,0,0.0,0,83.3,,SkipDa00
456,Donovan Smith,30,KAN,T,12,12,1,1,0,0,0,0.0,0,0.0,0.0,0,,0,0.0,0,79.2,,SmitDo02
457,Geno Smith,33,SEA,QB,15,15,1,1,-2,0,-8,-8.0,6,6.0,-8.0,0,,0,0.0,0,79.2,PB,SmitGe00
458,Mike Strachan,26,CAR,WR,4,1,3,1,45,1,37,37.0,8,8.0,24.3,0,,0,0.0,0,81.9,,StraMi03
459,C.J. Stroud,22,HOU,QB,15,15,1,1,0,0,-1,-1.0,1,1.0,-1.0,0,,0,0.0,0,79.2,PBAP MVP-8AP ORoY-1,StroCJ00
460,Cody Thompson,27,SEA,WR,7,0,1,1,10,0,6,6.0,4,4.0,6.0,0,,0,0.0,0,108.3,,ThomCo04
461,Laquon Treadwell,28,BAL,WR,5,1,3,1,16,1,16,16.0,0,0.0,12.0,0,,1,33.3,0,52.1,,TreaLa00
462,Nick Vannett,30,LAC,TE,8,5,1,1,3,1,3,3.0,0,0.0,3.0,0,,0,0.0,0,79.2,,VannNi00
463,Tylan Wallace,24,BAL,WR,11,0,2,1,11,1,11,11.0,0,0.0,11.5,0,,0,0.0,0,66.7,,WallTy00
464,Trevon Wesco,28,TEN,TE,15,10,3,1,21,1,9,9.0,12,12.0,4.3,0,,1,33.3,0,59.0,,WescTr00
465,Damiere Byrd,30,ATL,WR,1,0,2,0,0,0,0,,0,,22.5,0,,0,0.0,1,0.0,,ByrdDa00
466,Irvin Charles,26,NYJ,WR,12,0,1,0,0,0,0,,0,,9.0,0,,0,0.0,0,39.6,,CharIr00
467,Phillip Dorsett,30,DEN,WR,2,1,3,0,0,0,0,,0,,26.0,0,,0,0.0,0,39.6,,DorsPh00
468,D'Wayne Eskridge,26,SEA,WR,4,0,1,0,0,0,0,,0,,17.0,0,,0,0.0,0,39.6,,EskrDW00
469,Erik Ezukanma,23,MIA,WR,2,0,1,0,0,0,0,,0,,8.0,0,,0,0.0,0,39.6,,EzukEr00
470,Robert Hainsey,25,TAM,C,17,17,0,0,-3,0,-3,,0,,,0,,0,,0,,,HainRo00
471,Jamycal Hasty,27,JAX,RB,3,0,2,0,0,0,0,,0,,12.0,0,,0,0.0,0,39.6,,HastJa02
472,Travis Homer,25,CHI,RB,16,0,1,0,0,0,0,,0,,-5.0,0,,1,100.0,0,39.6,,HomeTr00
473,Shedrick Jackson,24,CIN,WR,5,0,1,0,0,0,0,,0,,30.0,0,,0,0.0,0,39.6,,JackSh01
474,Sean McKeon,26,DAL,TE,9,0,2,0,0,0,0,,0,,6.5,0,,1,50.0,1,0.0,,McKeSe01
475,Jordan Mims,24,NOR,RB,2,0,2,0,0,0,0,,0,,5.0,0,,0,0.0,0,39.6,,MimsJo00
476,Albert Okwuegbunam,25,PHI,TE,4,0,1,0,0,0,0,,0,,10.0,0,,0,0.0,0,39.6,,OkwuAl00
477,James Proche,27,CLE,WR,10,1,5,0,0,0,0,,0,,17.2,0,,0,0.0,1,0.0,,ProcJa00
478,Amari Rodgers,24,IND,WR,3,0,2,0,0,0,0,,0,,15.0,0,,1,50.0,0,39.6,,RodgAm00
479,Cole Strange,25,NWE,OL,10,10,0,0,3,0,3,,0,,,0,,0,,0,,,StraCo01
480,Ryan Tannehill,35,TEN,QB,10,8,1,0,0,0,0,,0,,-1.0,0,,0,0.0,0,39.6,,TannRy00
481,Trent Taylor,29,CHI,WR,17,0,2,0,0,0,0,,0,,0.0,0,,0,0.0,0,39.6,,TaylTr02
482,Greg Van Roten,33,LVR,G,17,17,0,0,5,0,0,,5,,,0,,0,,0,,,VanRGr00
483,Jonathan Williams,29,WAS,RB,1,0,1,0,0,0,0,,0,,-1.0,0,,0,0.0,0,39.6,,WillJo07
484,Rodney Williams,25,PIT,TE,13,0,2,0,0,0,0,,0,,4.0,0,,1,50.0,0,39.6,,WillRo08
485,Juwann Winfree,27,IND,WR,8,1,1,0,0,0,0,,0,,26.0,0,,0,0.0,0,39.6,,WinfJu00